"","Tumor_Sample_Barcode","ARID2","BRAF","BRD7","CDK4","CDKN2A","COL5A1","CTNNB1","DACH1","DDX3X","GNA11","HRAS","IDH1","KIT","KRAS","MAP2K1","MECOM","NF1","NRAS","PPP6C","PTEN","RAC1","RB1","RQCD1","TP53"
"1","TCGA-3N-A9WB-06A-11D-A38G-08",NA,0.472727272727273,NA,NA,NA,NA,NA,NA,0.9,NA,NA,NA,NA,NA,NA,NA,NA,0.804444444444444,NA,NA,NA,NA,NA,NA
"2","TCGA-3N-A9WC-06A-11D-A38G-08",0.272727272727273,0.357142857142857,NA,NA,NA,NA,NA,NA,NA,NA,NA,NA,NA,NA,NA,0.258823529411765,NA,0.256880733944954,NA,NA,NA,NA,NA,NA
"3","TCGA-3N-A9WD-06A-11D-A38G-08",NA,NA,NA,NA,NA,0.277777777777778,NA,NA,NA,NA,NA,NA,NA,NA,NA,NA,NA,0.388888888888889,NA,NA,NA,NA,NA,0.333333333333333
"4","TCGA-BF-A1PU-01A-11D-A19A-08",0.827160493827161,0.941176470588235,NA,NA,NA,NA,NA,NA,NA,NA,NA,NA,NA,NA,NA,NA,NA,NA,NA,0.754385964912281,NA,NA,NA,NA
"5","TCGA-BF-A1PV-01A-11D-A19A-08",NA,NA,NA,NA,NA,NA,NA,NA,NA,NA,NA,NA,NA,NA,NA,NA,0.911111111111111,0.440559440559441,NA,NA,NA,NA,NA,NA
"6","TCGA-BF-A1PX-01A-12D-A19A-08",NA,NA,NA,NA,NA,NA,NA,NA,NA,NA,NA,0.130434782608696,NA,NA,NA,NA,NA,NA,NA,NA,NA,NA,NA,NA
"7","TCGA-BF-A1PZ-01A-11D-A19A-08",NA,NA,NA,NA,NA,NA,NA,NA,0.358695652173913,NA,NA,NA,NA,NA,NA,NA,0.575,NA,NA,NA,NA,NA,NA,NA
"8","TCGA-BF-A1Q0-01A-21D-A19A-08",0.318181818181818,NA,NA,NA,NA,NA,NA,NA,NA,NA,NA,NA,NA,NA,NA,NA,NA,NA,NA,NA,NA,NA,NA,0.692307692307692
"9","TCGA-BF-A3DJ-01A-11D-A20D-08",0.407407407407407,0.344086021505376,NA,NA,NA,NA,NA,NA,NA,NA,NA,NA,NA,NA,NA,NA,NA,NA,NA,NA,NA,NA,NA,NA
"10","TCGA-BF-A3DL-01A-11D-A20D-08",NA,0.474576271186441,NA,NA,NA,NA,NA,NA,NA,NA,NA,NA,NA,NA,NA,NA,NA,NA,NA,NA,NA,NA,NA,0.611940298507463
"11","TCGA-BF-A3DM-01A-11D-A20D-08",0.520547945205479,0.432432432432432,NA,NA,NA,NA,NA,NA,NA,NA,NA,NA,NA,NA,NA,0.346938775510204,NA,NA,0.829059829059829,NA,NA,NA,NA,NA
"12","TCGA-BF-A3DN-01A-11D-A20D-08",NA,0.313868613138686,NA,NA,NA,NA,NA,NA,NA,NA,NA,NA,NA,NA,0.301075268817204,NA,NA,NA,NA,NA,NA,NA,NA,NA
"13","TCGA-BF-A5EO-01A-12D-A27K-08",NA,NA,NA,NA,NA,NA,NA,NA,NA,NA,NA,NA,NA,NA,NA,0.331168831168831,NA,0.449664429530201,0.263888888888889,NA,NA,NA,NA,NA
"14","TCGA-BF-A5EP-01A-12D-A27K-08",NA,NA,NA,NA,NA,NA,NA,NA,NA,NA,NA,NA,NA,NA,NA,NA,NA,NA,NA,0.721649484536082,NA,NA,NA,NA
"15","TCGA-BF-A5EQ-01A-21D-A27K-08",0.253164556962025,0.405405405405405,NA,NA,NA,0.342281879194631,NA,NA,NA,NA,NA,NA,NA,NA,NA,NA,NA,NA,NA,NA,NA,NA,NA,NA
"16","TCGA-BF-A5ER-01A-12D-A27K-08",NA,0.558441558441558,0.658536585365854,NA,NA,NA,NA,NA,NA,NA,NA,0.311688311688312,NA,NA,NA,NA,NA,NA,NA,NA,NA,NA,NA,NA
"17","TCGA-BF-A5ES-01A-11D-A27K-08",0.0972222222222222,NA,NA,NA,NA,NA,NA,NA,NA,NA,NA,NA,0.5,NA,NA,NA,NA,NA,NA,NA,NA,NA,NA,NA
"18","TCGA-BF-A9VF-01A-11D-A372-08",NA,0.689922480620155,NA,NA,NA,NA,NA,NA,NA,NA,NA,NA,NA,NA,NA,NA,NA,NA,NA,NA,NA,NA,NA,NA
"19","TCGA-BF-AAOU-01A-12D-A397-08",NA,NA,NA,NA,NA,NA,NA,NA,NA,NA,NA,NA,NA,0.395480225988701,NA,NA,NA,NA,NA,NA,NA,NA,NA,NA
"20","TCGA-BF-AAOX-01A-11D-A397-08",NA,NA,NA,NA,NA,NA,NA,NA,NA,NA,NA,NA,NA,NA,NA,NA,NA,0.308270676691729,NA,NA,NA,NA,NA,NA
"21","TCGA-BF-AAP0-06A-11D-A397-08",NA,0.451612903225806,NA,NA,NA,NA,NA,NA,NA,NA,NA,NA,NA,NA,NA,0.152941176470588,NA,NA,NA,NA,NA,NA,NA,NA
"22","TCGA-BF-AAP1-01A-11D-A397-08",NA,0.520958083832335,NA,NA,NA,NA,NA,NA,0.983606557377049,NA,NA,NA,NA,NA,0.463414634146341,NA,NA,NA,0.541666666666667,NA,0.444174757281553,NA,NA,NA
"23","TCGA-BF-AAP2-01A-11D-A401-08",0.420560747663551,NA,NA,NA,NA,NA,NA,NA,NA,NA,NA,NA,NA,NA,NA,NA,NA,0.46969696969697,NA,NA,NA,NA,NA,0.530612244897959
"24","TCGA-BF-AAP4-01A-11D-A401-08",NA,NA,NA,NA,NA,NA,NA,NA,NA,NA,NA,NA,NA,0.504950495049505,NA,NA,0.251428571428571,NA,NA,NA,NA,NA,NA,NA
"25","TCGA-BF-AAP6-01A-11D-A401-08",NA,0.6,NA,NA,NA,NA,NA,NA,NA,NA,NA,NA,NA,NA,NA,NA,NA,NA,NA,0.722222222222222,NA,NA,NA,NA
"26","TCGA-BF-AAP7-01A-11D-A401-08",0.183673469387755,0.216216216216216,NA,NA,NA,NA,NA,NA,NA,NA,NA,NA,NA,NA,NA,NA,NA,NA,NA,0.0857142857142857,NA,NA,NA,NA
"27","TCGA-D3-A1Q1-06A-21D-A196-08",NA,NA,NA,NA,NA,NA,NA,NA,NA,NA,NA,NA,NA,NA,NA,NA,NA,0.761904761904762,NA,NA,NA,NA,NA,NA
"28","TCGA-D3-A1Q3-06A-11D-A196-08",NA,NA,NA,NA,NA,NA,NA,NA,NA,NA,NA,NA,0.832967032967033,NA,NA,NA,NA,NA,NA,NA,NA,NA,NA,NA
"29","TCGA-D3-A1Q4-06A-11D-A196-08",NA,0.448275862068966,NA,NA,0.317073170731707,NA,NA,NA,NA,NA,NA,NA,NA,NA,NA,0.257731958762887,NA,NA,NA,0.339285714285714,NA,NA,NA,NA
"30","TCGA-D3-A1Q5-06A-11D-A196-08",NA,0.666666666666667,NA,NA,NA,NA,0.467532467532468,NA,NA,NA,NA,NA,NA,NA,NA,0.344827586206897,NA,NA,NA,NA,NA,NA,NA,NA
"31","TCGA-D3-A1Q6-06A-11D-A196-08",NA,0.310344827586207,NA,NA,NA,0.323529411764706,NA,0.360169491525424,NA,NA,NA,NA,NA,NA,0.285714285714286,NA,NA,NA,NA,NA,NA,NA,NA,NA
"32","TCGA-D3-A1Q7-06A-11D-A19A-08",NA,0.0975609756097561,NA,NA,NA,NA,NA,NA,NA,NA,NA,NA,NA,NA,NA,NA,NA,NA,NA,NA,NA,0.2,NA,NA
"33","TCGA-D3-A1Q8-06A-11D-A19A-08",NA,NA,NA,NA,NA,NA,NA,NA,NA,NA,NA,NA,NA,NA,0.207317073170732,NA,NA,0.192708333333333,NA,NA,NA,NA,NA,NA
"34","TCGA-D3-A1Q9-06A-11D-A19A-08",NA,0.397590361445783,NA,NA,NA,NA,NA,NA,NA,NA,NA,NA,NA,NA,NA,NA,NA,NA,NA,NA,NA,NA,NA,NA
"35","TCGA-D3-A1QA-06A-11D-A196-08",NA,0.853658536585366,NA,NA,NA,0.75,NA,NA,NA,NA,NA,NA,NA,NA,NA,NA,NA,NA,NA,NA,NA,NA,NA,0.583333333333333
"36","TCGA-D3-A1QB-06A-11D-A19A-08",NA,NA,NA,NA,NA,NA,NA,NA,NA,NA,NA,NA,NA,NA,NA,NA,NA,0.155405405405405,NA,NA,NA,0.233333333333333,NA,NA
"37","TCGA-D3-A2J7-06A-11D-A196-08",NA,0.266666666666667,NA,NA,NA,NA,NA,NA,NA,NA,NA,NA,NA,NA,NA,NA,NA,NA,NA,NA,NA,NA,NA,NA
"38","TCGA-D3-A2J8-06A-11D-A196-08",NA,NA,NA,NA,NA,NA,NA,NA,0.209944751381215,NA,NA,NA,NA,NA,NA,0.185714285714286,NA,0.211640211640212,NA,0.159420289855072,NA,NA,NA,NA
"39","TCGA-D3-A2JA-06A-11D-A196-08",NA,NA,NA,0.166666666666667,NA,NA,NA,NA,NA,NA,NA,NA,NA,NA,NA,0.366666666666667,0.214285714285714,NA,NA,NA,NA,NA,NA,NA
"40","TCGA-D3-A2JC-06A-11D-A19A-08",NA,NA,NA,NA,NA,0.178217821782178,NA,NA,NA,NA,NA,NA,NA,NA,NA,NA,NA,NA,NA,0.423076923076923,NA,NA,NA,NA
"41","TCGA-D3-A2JD-06A-11D-A19A-08",NA,0.41025641025641,NA,NA,NA,0.194444444444444,NA,NA,NA,NA,NA,NA,NA,NA,NA,NA,NA,NA,NA,NA,NA,NA,NA,NA
"42","TCGA-D3-A2JE-06A-11D-A372-08",NA,0.37984496124031,NA,NA,NA,NA,NA,NA,NA,NA,NA,NA,NA,NA,NA,0.42,NA,NA,NA,NA,NA,0.363636363636364,NA,NA
"43","TCGA-D3-A2JF-06A-11D-A196-08",0.443609022556391,NA,NA,NA,0.641791044776119,0.202072538860104,NA,0.210970464135021,NA,NA,0.438356164383562,NA,NA,NA,NA,NA,0.51063829787234,NA,NA,NA,NA,NA,NA,NA
"44","TCGA-D3-A2JG-06A-11D-A196-08",NA,0.495238095238095,NA,NA,NA,NA,NA,NA,NA,NA,NA,NA,NA,NA,NA,NA,NA,NA,NA,NA,NA,NA,NA,NA
"45","TCGA-D3-A2JH-06A-11D-A196-08",NA,0.443037974683544,NA,NA,NA,0.145348837209302,NA,0.113207547169811,NA,NA,NA,NA,NA,NA,NA,NA,NA,NA,NA,NA,0.144578313253012,NA,NA,NA
"46","TCGA-D3-A2JK-06A-11D-A196-08",NA,0.329268292682927,NA,NA,NA,NA,NA,NA,NA,NA,NA,NA,NA,NA,NA,NA,NA,NA,NA,0.461538461538462,NA,NA,NA,NA
"47","TCGA-D3-A2JL-06A-11D-A196-08",NA,NA,NA,NA,NA,NA,NA,NA,NA,NA,NA,NA,NA,NA,NA,NA,NA,0.229411764705882,NA,NA,NA,NA,NA,NA
"48","TCGA-D3-A2JN-06A-11D-A196-08",NA,0.283018867924528,NA,NA,NA,NA,NA,NA,NA,NA,NA,NA,NA,NA,NA,NA,NA,NA,NA,NA,NA,NA,NA,NA
"49","TCGA-D3-A2JO-06A-11D-A196-08",0.202072538860104,NA,NA,NA,NA,0.214285714285714,NA,NA,NA,NA,NA,NA,NA,NA,NA,NA,NA,NA,NA,NA,NA,NA,NA,NA
"50","TCGA-D3-A3C1-06A-12D-A196-08",NA,0.805755395683453,NA,NA,NA,NA,NA,NA,NA,NA,NA,NA,NA,NA,NA,NA,NA,NA,NA,NA,NA,NA,NA,NA
"51","TCGA-D3-A3C3-06A-12D-A19A-08",NA,0.8559670781893,NA,NA,NA,NA,NA,NA,NA,NA,NA,NA,NA,NA,NA,NA,NA,NA,NA,NA,NA,NA,NA,NA
"52","TCGA-D3-A3C6-06A-12D-A196-08",NA,0.263157894736842,NA,NA,NA,NA,NA,NA,NA,NA,NA,NA,NA,NA,NA,NA,NA,NA,NA,0.727272727272727,NA,NA,NA,NA
"53","TCGA-D3-A3C7-06A-11D-A196-08",NA,0.548148148148148,NA,NA,0.23728813559322,NA,NA,NA,NA,NA,NA,NA,NA,NA,NA,NA,NA,NA,NA,NA,NA,NA,NA,NA
"54","TCGA-D3-A3C8-06A-12D-A19A-08",NA,NA,NA,NA,NA,NA,NA,NA,NA,NA,NA,NA,NA,NA,NA,NA,NA,NA,NA,NA,0.135416666666667,NA,NA,0.137931034482759
"55","TCGA-D3-A3CB-06A-11D-A196-08",NA,0.364705882352941,NA,NA,0.087719298245614,NA,NA,NA,NA,NA,NA,NA,NA,NA,NA,NA,NA,NA,NA,NA,NA,NA,NA,NA
"56","TCGA-D3-A3CE-06A-11D-A19A-08",NA,0.888888888888889,NA,NA,NA,NA,NA,NA,NA,NA,NA,NA,NA,NA,NA,NA,NA,NA,NA,NA,NA,NA,NA,NA
"57","TCGA-D3-A3ML-06A-11D-A21A-08",0.38255033557047,NA,NA,NA,NA,0.198019801980198,NA,NA,NA,NA,NA,NA,NA,NA,NA,0.552941176470588,NA,0.636363636363636,NA,NA,NA,NA,NA,NA
"58","TCGA-D3-A3MO-06A-11D-A21A-08",NA,0.508379888268156,NA,NA,NA,NA,NA,NA,NA,NA,NA,NA,NA,NA,NA,NA,NA,NA,NA,NA,NA,NA,NA,NA
"59","TCGA-D3-A3MR-06A-11D-A21A-08",0.277777777777778,0.198529411764706,NA,NA,NA,NA,NA,0.0704225352112676,NA,NA,NA,NA,NA,NA,NA,NA,NA,NA,NA,0.258064516129032,0.134615384615385,NA,NA,NA
"60","TCGA-D3-A3MU-06A-11D-A21A-08",NA,0.422535211267606,NA,NA,NA,NA,NA,NA,NA,NA,NA,NA,NA,NA,NA,NA,NA,NA,NA,NA,0.190909090909091,NA,NA,NA
"61","TCGA-D3-A3MV-06A-11D-A21A-08",NA,NA,NA,NA,0.763157894736842,NA,NA,NA,NA,NA,NA,NA,NA,NA,0.297297297297297,NA,NA,0.708333333333333,0.75,NA,NA,NA,NA,NA
"62","TCGA-D3-A51E-06A-11D-A25O-08",NA,NA,NA,NA,NA,NA,NA,0.361702127659574,NA,NA,NA,NA,NA,NA,NA,NA,NA,0.644171779141104,NA,NA,NA,NA,NA,NA
"63","TCGA-D3-A51F-06A-11D-A25O-08",NA,0.0810810810810811,NA,NA,NA,NA,NA,NA,NA,NA,NA,NA,NA,NA,0.125,NA,NA,NA,NA,NA,NA,NA,NA,NA
"64","TCGA-D3-A51G-06A-11D-A25O-08",NA,NA,NA,NA,NA,0.656488549618321,NA,NA,NA,NA,NA,NA,NA,NA,NA,NA,NA,0.822335025380711,NA,NA,NA,0.377777777777778,0.652173913043478,0.815789473684211
"65","TCGA-D3-A51J-06A-11D-A25O-08",NA,0.388888888888889,NA,NA,0.55,NA,NA,NA,NA,NA,NA,NA,NA,NA,NA,NA,NA,NA,NA,NA,NA,NA,NA,NA
"66","TCGA-D3-A51K-06A-11D-A25O-08",NA,NA,NA,NA,NA,NA,NA,NA,NA,NA,NA,NA,0.954462659380692,NA,NA,NA,NA,NA,NA,NA,NA,NA,NA,NA
"67","TCGA-D3-A51N-06A-11D-A25O-08",NA,0.436170212765957,NA,NA,NA,NA,NA,NA,NA,NA,NA,NA,NA,NA,NA,NA,NA,NA,NA,NA,NA,NA,NA,NA
"68","TCGA-D3-A51R-06A-11D-A25O-08",NA,NA,NA,NA,NA,NA,NA,NA,NA,NA,NA,NA,NA,NA,NA,0.30379746835443,0.434210526315789,0.711009174311927,NA,NA,0.390625,NA,NA,NA
"69","TCGA-D3-A51T-06A-11D-A25O-08",NA,0.36144578313253,NA,NA,NA,0.459459459459459,NA,NA,NA,NA,NA,NA,NA,0.428571428571429,NA,NA,NA,NA,NA,0.684210526315789,NA,NA,NA,0.692307692307692
"70","TCGA-D3-A5GL-06A-11D-A27K-08",0.408163265306122,NA,NA,NA,NA,NA,NA,NA,NA,NA,NA,NA,NA,NA,NA,NA,NA,NA,NA,NA,NA,NA,NA,NA
"71","TCGA-D3-A5GN-06A-11D-A27K-08",NA,0.361111111111111,NA,NA,0.675675675675676,NA,NA,NA,NA,NA,NA,NA,NA,NA,NA,NA,NA,NA,NA,0.333333333333333,NA,NA,NA,0.111111111111111
"72","TCGA-D3-A5GO-06A-12D-A27K-08",NA,NA,NA,NA,0.857142857142857,NA,NA,NA,NA,NA,NA,0.384615384615385,NA,NA,NA,NA,NA,0.640394088669951,NA,NA,NA,NA,NA,0.8
"73","TCGA-D3-A5GR-06A-11D-A27K-08",0.346938775510204,0.527272727272727,NA,NA,0.27906976744186,NA,NA,NA,NA,NA,NA,NA,NA,NA,NA,NA,NA,NA,NA,NA,NA,NA,NA,0.412698412698413
"74","TCGA-D3-A5GS-06A-11D-A27K-08",NA,0.532110091743119,NA,NA,0.902439024390244,NA,NA,0.358695652173913,NA,NA,NA,NA,NA,NA,NA,NA,NA,NA,NA,NA,NA,NA,NA,NA
"75","TCGA-D3-A5GT-01A-12D-A30X-08",NA,0.47244094488189,NA,NA,NA,NA,NA,NA,NA,NA,NA,NA,NA,NA,NA,NA,NA,NA,NA,NA,NA,NA,NA,NA
"76","TCGA-D3-A5GU-06A-11D-A27K-08",0.351351351351351,0.507042253521127,NA,NA,NA,NA,NA,NA,NA,NA,NA,NA,NA,NA,NA,NA,NA,NA,NA,NA,NA,NA,NA,NA
"77","TCGA-D3-A8GB-06A-11D-A372-08",NA,0.292929292929293,NA,NA,NA,NA,NA,NA,0.264367816091954,NA,NA,NA,NA,NA,NA,0.0941176470588235,NA,NA,NA,NA,NA,NA,NA,NA
"78","TCGA-D3-A8GC-06A-11D-A372-08",NA,NA,NA,NA,NA,0.836734693877551,NA,NA,NA,NA,NA,NA,NA,NA,NA,NA,NA,0.892405063291139,NA,NA,NA,NA,NA,NA
"79","TCGA-D3-A8GD-06A-11D-A372-08",NA,0.337209302325581,NA,NA,NA,NA,NA,NA,NA,NA,NA,NA,NA,NA,NA,NA,NA,NA,NA,0.37037037037037,NA,NA,NA,NA
"80","TCGA-D3-A8GI-06A-11D-A372-08",0.596899224806202,NA,NA,NA,NA,0.62962962962963,0.357142857142857,NA,NA,0.855263157894737,NA,NA,NA,0.61038961038961,NA,0.273972602739726,0.738095238095238,0.366459627329193,NA,NA,0.379710144927536,NA,NA,NA
"81","TCGA-D3-A8GJ-06A-11D-A372-08",NA,0.168224299065421,NA,NA,NA,NA,NA,NA,NA,NA,NA,NA,NA,NA,NA,NA,NA,NA,0.180555555555556,NA,NA,NA,NA,NA
"82","TCGA-D3-A8GK-06A-11D-A372-08",NA,NA,NA,NA,NA,NA,NA,NA,0.941176470588235,NA,NA,NA,NA,NA,NA,0.507692307692308,NA,0.530487804878049,NA,NA,NA,0.389027431421446,NA,NA
"83","TCGA-D3-A8GL-06A-11D-A372-08",0.482014388489209,NA,NA,NA,NA,0.961538461538462,NA,NA,NA,NA,NA,NA,NA,NA,NA,0.405529953917051,NA,0.53125,NA,NA,NA,NA,0.352941176470588,NA
"84","TCGA-D3-A8GM-06A-11D-A372-08",NA,0.124137931034483,NA,NA,NA,0.271186440677966,NA,NA,NA,NA,NA,0.380952380952381,0.390243902439024,NA,NA,0.342657342657343,NA,NA,NA,NA,NA,0.653333333333333,0.258064516129032,NA
"85","TCGA-D3-A8GN-06A-11D-A372-08",NA,0.333333333333333,NA,NA,NA,NA,NA,NA,NA,NA,NA,NA,NA,NA,NA,NA,NA,NA,NA,NA,NA,NA,NA,NA
"86","TCGA-D3-A8GO-06A-11D-A372-08",NA,0.375,NA,NA,NA,0.333333333333333,NA,NA,NA,NA,NA,NA,NA,NA,NA,NA,NA,NA,0.267857142857143,0.28169014084507,NA,NA,NA,NA
"87","TCGA-D3-A8GP-06A-11D-A372-08",NA,NA,NA,NA,NA,0.941747572815534,NA,NA,NA,NA,NA,NA,NA,NA,0.587786259541985,0.5,NA,NA,NA,NA,NA,NA,NA,NA
"88","TCGA-D3-A8GQ-06A-11D-A372-08",0.247222222222222,NA,NA,NA,NA,0.303370786516854,NA,0.5,0.564356435643564,NA,NA,NA,NA,NA,NA,NA,NA,0.542635658914729,NA,NA,NA,NA,NA,NA
"89","TCGA-D3-A8GR-06A-11D-A372-08",0.511111111111111,NA,NA,NA,NA,NA,NA,NA,NA,NA,NA,NA,NA,NA,NA,NA,NA,0.740350877192982,NA,NA,NA,NA,NA,NA
"90","TCGA-D3-A8GS-06A-12D-A372-08",NA,0.389380530973451,NA,NA,NA,NA,0.101449275362319,NA,NA,NA,NA,NA,NA,NA,NA,NA,NA,NA,NA,NA,NA,NA,NA,NA
"91","TCGA-D3-A8GV-06A-11D-A372-08",NA,0.925,NA,NA,NA,NA,0.428571428571429,NA,NA,NA,NA,NA,NA,NA,NA,NA,NA,NA,NA,NA,NA,NA,0.471698113207547,NA
"92","TCGA-D9-A148-06A-11D-A19A-08",NA,0.28,NA,NA,NA,NA,NA,NA,0.791044776119403,NA,NA,NA,NA,NA,NA,NA,NA,NA,NA,NA,NA,NA,NA,NA
"93","TCGA-D9-A149-06A-11D-A196-08",NA,NA,NA,NA,NA,NA,0.333333333333333,NA,NA,NA,NA,0.382978723404255,NA,NA,0.607142857142857,NA,NA,NA,NA,NA,NA,NA,NA,NA
"94","TCGA-D9-A1JW-06A-11D-A19A-08",NA,0.179487179487179,NA,NA,NA,0.325581395348837,NA,NA,NA,NA,NA,NA,NA,NA,NA,NA,NA,NA,NA,NA,NA,NA,NA,NA
"95","TCGA-D9-A1JX-06A-11D-A19A-08",NA,0.485148514851485,NA,NA,NA,NA,NA,NA,NA,NA,NA,NA,NA,NA,NA,NA,NA,NA,NA,NA,NA,NA,NA,NA
"96","TCGA-D9-A1X3-06A-11D-A197-08",NA,NA,NA,NA,0.91566265060241,NA,NA,NA,NA,NA,NA,NA,NA,NA,NA,NA,NA,NA,NA,NA,NA,NA,NA,NA
"97","TCGA-D9-A3Z1-06A-11D-A23B-08",NA,NA,NA,NA,0.25,0.168918918918919,NA,NA,NA,NA,NA,0.2625,NA,NA,NA,NA,NA,0.241496598639456,NA,NA,0.126126126126126,NA,NA,NA
"98","TCGA-D9-A3Z3-06A-11D-A23B-08",NA,0.437158469945355,NA,NA,NA,NA,NA,NA,NA,NA,NA,NA,NA,NA,NA,NA,NA,NA,NA,NA,NA,NA,NA,NA
"99","TCGA-D9-A3Z4-01A-11D-A23B-08",NA,NA,NA,NA,NA,NA,NA,NA,0.854545454545454,NA,NA,NA,NA,NA,NA,NA,NA,0.795180722891566,NA,NA,NA,NA,NA,NA
"100","TCGA-D9-A4Z2-01A-11D-A24R-08",NA,0.584070796460177,NA,NA,NA,NA,NA,NA,NA,NA,NA,NA,NA,NA,NA,NA,NA,NA,NA,NA,NA,NA,NA,NA
"101","TCGA-D9-A4Z3-01A-11D-A25O-08",NA,NA,NA,NA,NA,NA,NA,NA,NA,NA,NA,NA,NA,NA,NA,0.351851851851852,NA,0.292929292929293,NA,NA,NA,NA,NA,NA
"102","TCGA-D9-A4Z5-01A-11D-A25O-08",NA,0.485714285714286,NA,NA,NA,NA,NA,NA,NA,NA,NA,NA,NA,NA,NA,NA,NA,NA,NA,NA,NA,NA,NA,NA
"103","TCGA-D9-A4Z6-06A-12D-A25O-08",NA,0.428571428571429,NA,NA,NA,NA,NA,NA,NA,NA,NA,NA,NA,NA,0.483333333333333,NA,NA,NA,NA,NA,NA,NA,NA,NA
"104","TCGA-D9-A6E9-06A-12D-A30X-08",NA,0.435897435897436,NA,NA,NA,NA,0.38,NA,NA,NA,NA,NA,NA,NA,NA,NA,NA,NA,NA,NA,NA,NA,NA,NA
"105","TCGA-D9-A6EA-06A-11D-A30X-08",NA,NA,NA,NA,NA,NA,NA,NA,0.885714285714286,NA,NA,NA,NA,NA,NA,NA,NA,0.906103286384977,NA,NA,NA,NA,NA,0.910714285714286
"106","TCGA-D9-A6EC-06A-11D-A30X-08",0.185185185185185,0.580645161290323,NA,NA,0.410958904109589,0.553333333333333,0.1875,NA,NA,NA,NA,NA,NA,NA,NA,NA,0.905660377358491,NA,0.212903225806452,0.872340425531915,NA,NA,0.222222222222222,NA
"107","TCGA-D9-A6EG-06A-12D-A32N-08",NA,0.610169491525424,NA,NA,NA,NA,0.30952380952381,NA,NA,NA,NA,NA,NA,NA,NA,NA,NA,NA,NA,NA,NA,NA,NA,NA
"108","TCGA-DA-A1HV-06A-21D-A196-08",NA,NA,NA,NA,NA,NA,NA,NA,NA,NA,NA,NA,NA,NA,NA,NA,NA,0.496350364963504,NA,NA,NA,NA,NA,0.67741935483871
"109","TCGA-DA-A1HW-06A-11D-A19A-08",NA,0.528301886792453,NA,NA,NA,NA,NA,NA,NA,NA,NA,NA,NA,NA,NA,NA,NA,NA,NA,NA,NA,NA,NA,0.513888888888889
"110","TCGA-DA-A1HY-06A-11D-A19A-08",NA,0.493150684931507,NA,NA,0.622448979591837,NA,NA,NA,NA,NA,NA,NA,NA,NA,NA,NA,NA,NA,NA,NA,NA,NA,NA,NA
"111","TCGA-DA-A1I0-06A-11D-A20D-08",NA,0.565121412803532,NA,NA,NA,NA,NA,NA,0.395348837209302,NA,NA,NA,NA,NA,NA,NA,0.184782608695652,NA,NA,NA,NA,NA,NA,NA
"112","TCGA-DA-A1I1-06A-12D-A196-08",NA,NA,NA,NA,NA,NA,NA,NA,NA,NA,NA,NA,NA,NA,NA,NA,NA,NA,0.565217391304348,NA,NA,NA,NA,NA
"113","TCGA-DA-A1I2-06A-21D-A19A-08",NA,0.461538461538462,NA,NA,NA,NA,NA,NA,NA,NA,NA,NA,NA,NA,NA,NA,NA,NA,NA,NA,NA,NA,NA,NA
"114","TCGA-DA-A1I4-06A-11D-A196-08",0.337748344370861,0.366336633663366,NA,NA,NA,NA,NA,NA,NA,NA,NA,NA,NA,NA,NA,NA,NA,NA,NA,NA,NA,NA,NA,NA
"115","TCGA-DA-A1I5-06A-11D-A197-08",NA,0.495145631067961,NA,NA,NA,NA,NA,NA,NA,NA,NA,NA,NA,NA,NA,NA,NA,NA,NA,NA,NA,NA,NA,0.23943661971831
"116","TCGA-DA-A1I7-06A-22D-A197-08",NA,0.586466165413534,NA,NA,NA,NA,NA,NA,NA,NA,NA,NA,NA,NA,NA,0.238636363636364,NA,NA,NA,NA,NA,NA,NA,NA
"117","TCGA-DA-A1I8-06A-11D-A197-08",NA,0.757575757575758,NA,NA,NA,NA,NA,NA,NA,NA,NA,NA,NA,NA,NA,NA,NA,NA,NA,NA,NA,NA,NA,NA
"118","TCGA-DA-A1IB-06A-11D-A196-08",NA,0.0789473684210526,NA,NA,NA,NA,NA,NA,NA,NA,NA,NA,NA,NA,NA,NA,NA,NA,NA,NA,NA,NA,NA,NA
"119","TCGA-DA-A1IC-06A-11D-A197-08",0.395833333333333,NA,NA,NA,NA,NA,NA,NA,NA,NA,NA,NA,NA,NA,NA,NA,0.290909090909091,NA,NA,NA,NA,NA,NA,NA
"120","TCGA-DA-A3F3-06A-11D-A20D-08",NA,NA,NA,NA,NA,NA,NA,NA,NA,NA,NA,NA,NA,NA,NA,0.590909090909091,NA,0.382470119521912,NA,NA,NA,NA,NA,NA
"121","TCGA-DA-A3F5-06A-11D-A20D-08",NA,0.673202614379085,NA,NA,NA,NA,NA,NA,NA,NA,NA,NA,NA,NA,NA,NA,NA,NA,0.395061728395062,NA,NA,NA,NA,NA
"122","TCGA-DA-A3F8-06A-11D-A20D-08",NA,0.338983050847458,NA,NA,NA,NA,NA,NA,0.474576271186441,NA,NA,NA,NA,NA,NA,0.216216216216216,NA,NA,0.174846625766871,NA,NA,NA,NA,NA
"123","TCGA-DA-A95V-06A-11D-A372-08",NA,NA,NA,NA,NA,NA,NA,NA,NA,NA,NA,NA,NA,NA,NA,NA,0.248407643312102,NA,NA,NA,NA,NA,NA,NA
"124","TCGA-DA-A95W-06A-11D-A372-08",NA,0.623655913978495,NA,NA,NA,NA,NA,NA,NA,NA,NA,NA,NA,NA,NA,NA,NA,NA,NA,NA,NA,NA,NA,NA
"125","TCGA-DA-A95X-06A-11D-A372-08",NA,NA,NA,NA,NA,0.75609756097561,NA,NA,NA,NA,NA,NA,NA,NA,NA,0.404761904761905,0.703703703703704,0.445161290322581,NA,NA,NA,NA,NA,0.785714285714286
"126","TCGA-DA-A95Y-06A-11D-A372-08",NA,0.429906542056075,NA,NA,NA,NA,NA,NA,NA,NA,NA,NA,NA,NA,NA,NA,NA,NA,NA,NA,NA,NA,NA,NA
"127","TCGA-DA-A95Z-06A-11D-A372-08",NA,0.274193548387097,NA,NA,NA,0.833333333333333,NA,0.486486486486487,0.897058823529412,NA,NA,NA,NA,NA,NA,NA,0.326086956521739,0.489130434782609,NA,NA,NA,NA,NA,NA
"128","TCGA-DA-A960-01A-11D-A372-08",0.880952380952381,NA,NA,NA,NA,NA,0.219512195121951,NA,NA,NA,NA,NA,NA,NA,NA,0.230769230769231,NA,0.658385093167702,NA,NA,NA,NA,NA,NA
"129","TCGA-EB-A1NK-01A-11D-A196-08",0.625,NA,NA,NA,NA,NA,NA,0.29608938547486,NA,NA,NA,NA,NA,NA,NA,NA,NA,0.281879194630872,NA,NA,NA,NA,NA,NA
"130","TCGA-EB-A24C-01A-11D-A197-08",NA,0.411764705882353,NA,NA,NA,NA,NA,NA,NA,NA,NA,NA,NA,NA,NA,NA,NA,NA,NA,NA,NA,NA,NA,NA
"131","TCGA-EB-A24D-01A-11D-A197-08",0.252252252252252,0.496894409937888,NA,NA,NA,0.4375,NA,NA,NA,NA,NA,NA,NA,NA,NA,NA,NA,NA,NA,NA,NA,NA,NA,NA
"132","TCGA-EB-A299-01A-21D-A197-08",NA,0.623655913978495,NA,NA,NA,NA,NA,NA,NA,NA,NA,NA,NA,NA,0.122448979591837,NA,NA,NA,NA,NA,NA,NA,NA,0.225
"133","TCGA-EB-A3HV-01A-11D-A21A-08",NA,0.5,NA,NA,NA,NA,NA,NA,NA,NA,NA,NA,NA,NA,NA,NA,NA,NA,NA,NA,NA,NA,NA,NA
"134","TCGA-EB-A3XB-01A-11D-A23B-08",NA,0.445070422535211,NA,NA,NA,NA,NA,NA,NA,NA,NA,NA,NA,NA,NA,NA,NA,NA,0.396551724137931,NA,NA,NA,NA,NA
"135","TCGA-EB-A3XC-01A-11D-A23B-08",NA,0.374592833876221,NA,NA,NA,NA,NA,NA,NA,NA,NA,NA,NA,NA,NA,NA,NA,NA,0.744444444444444,NA,NA,NA,NA,0.892857142857143
"136","TCGA-EB-A3XD-01A-22D-A23B-08",NA,0.0957446808510638,NA,NA,NA,NA,NA,NA,NA,NA,NA,NA,NA,NA,NA,NA,NA,NA,NA,NA,NA,NA,NA,NA
"137","TCGA-EB-A3XE-01A-12D-A23B-08",NA,0.364864864864865,NA,NA,NA,NA,NA,NA,NA,NA,NA,NA,NA,NA,NA,NA,NA,NA,NA,NA,NA,NA,NA,NA
"138","TCGA-EB-A3XF-01A-31D-A23B-08",NA,0.463414634146341,NA,NA,NA,NA,NA,NA,NA,NA,NA,NA,NA,NA,0.130952380952381,NA,NA,NA,NA,NA,NA,NA,NA,NA
"139","TCGA-EB-A3Y6-01A-21D-A23B-08",NA,0.369047619047619,NA,NA,NA,NA,NA,0.242105263157895,NA,NA,NA,NA,NA,NA,NA,NA,NA,NA,NA,NA,NA,NA,NA,NA
"140","TCGA-EB-A3Y7-01A-11D-A23B-08",NA,NA,NA,NA,NA,NA,0.25,NA,NA,NA,NA,NA,0.195121951219512,NA,NA,NA,0.275229357798165,NA,NA,NA,NA,NA,NA,NA
"141","TCGA-EB-A41A-01A-11D-A24R-08",0.390532544378698,NA,NA,NA,NA,0.426229508196721,0.133333333333333,0.328990228013029,NA,NA,NA,NA,NA,NA,NA,0.483870967741935,0.390804597701149,NA,NA,NA,NA,NA,NA,0.346153846153846
"142","TCGA-EB-A41B-01A-11D-A24R-08",NA,NA,NA,NA,NA,NA,NA,NA,NA,NA,0.402298850574713,NA,NA,NA,NA,NA,NA,NA,NA,NA,NA,NA,NA,NA
"143","TCGA-EB-A42Y-01A-12D-A24R-08",NA,NA,NA,NA,NA,NA,NA,NA,NA,NA,NA,NA,0.507936507936508,NA,NA,NA,NA,NA,NA,0.426470588235294,NA,NA,NA,NA
"144","TCGA-EB-A42Z-01A-12D-A24R-08",NA,0.623853211009174,NA,NA,NA,NA,NA,NA,NA,NA,NA,NA,NA,NA,NA,NA,NA,NA,NA,NA,NA,NA,NA,NA
"145","TCGA-EB-A430-01A-11D-A24R-08",NA,0.546875,NA,NA,NA,NA,NA,NA,NA,NA,NA,NA,NA,NA,NA,0.316666666666667,NA,NA,NA,NA,NA,NA,NA,NA
"146","TCGA-EB-A431-01A-11D-A25O-08",NA,0.411111111111111,NA,NA,NA,NA,NA,0.338028169014085,NA,NA,NA,NA,NA,NA,NA,0.229166666666667,NA,NA,NA,NA,NA,NA,NA,0.7
"147","TCGA-EB-A44N-01A-11D-A25O-08",NA,0.137254901960784,NA,NA,0.12,NA,NA,NA,NA,NA,NA,NA,NA,NA,NA,NA,NA,NA,NA,NA,NA,NA,NA,NA
"148","TCGA-EB-A44O-01A-11D-A25O-08",NA,NA,0.636363636363636,NA,0.5,NA,NA,NA,NA,NA,NA,NA,NA,NA,NA,NA,NA,0.675,NA,NA,0.258620689655172,NA,NA,NA
"149","TCGA-EB-A44P-01A-11D-A25O-08",NA,0.370967741935484,NA,NA,0.793103448275862,NA,NA,NA,NA,NA,NA,NA,NA,NA,NA,NA,NA,NA,NA,0.761904761904762,NA,NA,NA,NA
"150","TCGA-EB-A44Q-06A-11D-A25O-08",NA,NA,NA,NA,NA,NA,NA,NA,NA,NA,NA,NA,NA,NA,NA,NA,NA,0.428571428571429,NA,NA,NA,NA,NA,NA
"151","TCGA-EB-A44R-06A-41D-A25O-08",NA,NA,NA,0.258620689655172,NA,NA,NA,NA,NA,NA,NA,NA,NA,NA,NA,NA,NA,0.870870870870871,NA,NA,NA,NA,NA,NA
"152","TCGA-EB-A4IS-01A-21D-A25O-08",NA,0.155172413793103,NA,NA,0.344827586206897,NA,NA,NA,NA,NA,NA,NA,NA,NA,NA,NA,0.255102040816327,NA,NA,NA,NA,NA,0.119402985074627,NA
"153","TCGA-EB-A4P0-01A-41D-A25O-08",NA,0.545454545454545,NA,NA,NA,NA,NA,NA,NA,NA,NA,NA,NA,NA,NA,NA,NA,NA,NA,NA,NA,NA,NA,NA
"154","TCGA-EB-A51B-01A-11D-A27K-08",NA,NA,NA,NA,0.9,NA,NA,NA,NA,NA,NA,NA,NA,NA,NA,NA,NA,NA,NA,NA,NA,NA,NA,NA
"155","TCGA-EB-A550-01A-61D-A27K-08",NA,0.295454545454545,NA,NA,NA,NA,NA,NA,NA,NA,NA,NA,NA,NA,NA,NA,NA,NA,NA,NA,NA,NA,NA,NA
"156","TCGA-EB-A551-01A-21D-A27K-08",NA,NA,0.4,NA,NA,NA,NA,NA,NA,NA,NA,NA,NA,NA,NA,NA,NA,0.27027027027027,NA,NA,NA,0.222222222222222,NA,NA
"157","TCGA-EB-A553-01A-12D-A27K-08",0.154761904761905,0.439306358381503,NA,NA,NA,NA,NA,NA,NA,NA,NA,NA,NA,NA,NA,NA,NA,NA,NA,NA,0.636363636363636,0.431818181818182,NA,NA
"158","TCGA-EB-A57M-01A-51D-A30X-08",NA,NA,NA,NA,NA,NA,NA,NA,NA,NA,NA,NA,0.468634686346863,NA,NA,NA,NA,NA,NA,NA,NA,NA,NA,NA
"159","TCGA-EB-A5FP-01A-11D-A27K-08",NA,0.608695652173913,NA,NA,NA,NA,NA,NA,NA,NA,NA,NA,NA,NA,0.424778761061947,NA,NA,NA,NA,NA,NA,0.55,NA,0.86046511627907
"160","TCGA-EB-A5KH-06A-11D-A27K-08",NA,NA,NA,NA,NA,NA,NA,NA,NA,NA,NA,NA,0.696078431372549,NA,NA,NA,NA,NA,NA,NA,NA,NA,NA,NA
"161","TCGA-EB-A5SE-01A-11D-A30X-08",NA,0.740740740740741,NA,NA,NA,NA,NA,NA,NA,NA,NA,NA,NA,NA,NA,NA,NA,NA,NA,NA,NA,NA,NA,NA
"162","TCGA-EB-A5SG-06A-11D-A30X-08",NA,NA,NA,NA,NA,NA,NA,NA,NA,NA,NA,NA,NA,NA,NA,NA,NA,0.158536585365854,0.0833333333333333,NA,NA,NA,NA,NA
"163","TCGA-EB-A5SH-06A-11D-A30X-08",NA,NA,NA,NA,NA,NA,0.269230769230769,NA,NA,NA,NA,NA,0.939393939393939,NA,NA,0.284210526315789,NA,NA,NA,NA,NA,NA,NA,NA
"164","TCGA-EB-A5UL-06A-11D-A30X-08",NA,NA,NA,NA,NA,NA,NA,0.257462686567164,NA,NA,NA,NA,NA,NA,NA,NA,NA,0.471337579617834,NA,NA,NA,NA,NA,0.461538461538462
"165","TCGA-EB-A5UM-01A-11D-A30X-08",NA,NA,NA,NA,NA,NA,NA,NA,NA,NA,NA,NA,NA,0.528735632183908,NA,NA,NA,NA,NA,NA,NA,NA,NA,NA
"166","TCGA-EB-A5UN-06A-11D-A30X-08",NA,0.32967032967033,NA,NA,NA,NA,NA,NA,NA,NA,NA,NA,NA,NA,0.262135922330097,NA,NA,NA,NA,NA,NA,NA,NA,NA
"167","TCGA-EB-A5VU-01A-21D-A32N-08",NA,NA,NA,NA,NA,NA,NA,NA,NA,NA,NA,NA,NA,NA,NA,NA,NA,0.796747967479675,NA,NA,NA,NA,NA,NA
"168","TCGA-EB-A6QY-01A-12D-A32N-08",0.245283018867925,0.403614457831325,NA,NA,NA,NA,NA,NA,NA,NA,NA,NA,NA,NA,NA,NA,NA,NA,NA,NA,NA,NA,NA,NA
"169","TCGA-EB-A6QZ-01A-12D-A32N-08",NA,0.486111111111111,NA,NA,NA,NA,NA,0.399416909620991,NA,NA,NA,NA,NA,NA,NA,NA,NA,NA,NA,NA,NA,NA,NA,NA
"170","TCGA-EB-A6R0-01A-12D-A32N-08",NA,0.520376175548589,NA,NA,NA,NA,NA,NA,NA,NA,NA,NA,NA,NA,NA,NA,NA,NA,NA,0.64,NA,NA,NA,NA
"171","TCGA-EB-A82B-01A-11D-A34U-08",NA,NA,NA,NA,NA,NA,NA,NA,NA,NA,NA,NA,NA,NA,NA,NA,0.270142180094787,NA,NA,NA,NA,NA,NA,NA
"172","TCGA-EB-A82C-01A-11D-A34U-08",NA,NA,NA,NA,NA,NA,NA,NA,NA,NA,NA,NA,NA,NA,NA,NA,0.888888888888889,NA,NA,NA,NA,NA,NA,NA
"173","TCGA-EB-A85I-01A-11D-A34U-08",NA,0.40625,NA,NA,0.230769230769231,NA,NA,0.209302325581395,NA,NA,NA,NA,NA,NA,NA,NA,NA,NA,NA,NA,NA,NA,NA,NA
"174","TCGA-EB-A85J-01A-12D-A34U-08",NA,NA,NA,NA,NA,0.179487179487179,NA,NA,NA,NA,NA,NA,NA,NA,NA,NA,NA,0.370860927152318,NA,NA,NA,NA,NA,NA
"175","TCGA-EE-A17X-06A-11D-A197-08",NA,NA,NA,NA,NA,NA,NA,NA,NA,NA,NA,NA,0.0671641791044776,NA,NA,0.377049180327869,0.285714285714286,0.882022471910112,NA,NA,NA,NA,NA,NA
"176","TCGA-EE-A17Y-06A-11D-A196-08",NA,0.337078651685393,NA,NA,NA,NA,NA,NA,NA,NA,NA,NA,NA,NA,NA,NA,NA,NA,NA,NA,NA,NA,NA,NA
"177","TCGA-EE-A17Z-06A-11D-A196-08",NA,NA,NA,NA,NA,NA,NA,NA,NA,NA,NA,NA,NA,NA,NA,NA,NA,NA,NA,0.952380952380952,NA,NA,NA,NA
"178","TCGA-EE-A180-06A-11D-A21A-08",NA,NA,NA,NA,NA,NA,0.342465753424658,NA,NA,NA,NA,NA,NA,NA,NA,NA,0.875,NA,NA,NA,NA,NA,NA,NA
"179","TCGA-EE-A181-06A-11D-A196-08",NA,0.104046242774566,0.218390804597701,NA,0.304347826086957,0.526315789473684,0.311111111111111,0.307017543859649,NA,NA,NA,NA,NA,NA,NA,0.380952380952381,0.458677685950413,NA,NA,NA,0.140562248995984,NA,NA,0.731707317073171
"180","TCGA-EE-A182-06A-11D-A196-08",0.177777777777778,NA,NA,NA,NA,0.333333333333333,0.263157894736842,NA,NA,NA,NA,NA,0.27536231884058,NA,NA,NA,0.271844660194175,NA,NA,NA,NA,NA,NA,NA
"181","TCGA-EE-A183-06A-11D-A196-08",NA,NA,0.15,NA,NA,NA,NA,NA,NA,NA,NA,NA,NA,NA,NA,NA,NA,NA,NA,NA,NA,NA,NA,NA
"182","TCGA-EE-A185-06A-11D-A196-08",NA,NA,NA,NA,0.846153846153846,NA,NA,NA,NA,NA,NA,NA,NA,NA,NA,NA,NA,0.901785714285714,NA,NA,NA,NA,NA,NA
"183","TCGA-EE-A20B-06A-11D-A196-08",NA,0.794871794871795,NA,NA,0.510204081632653,NA,NA,NA,0.176470588235294,NA,NA,NA,NA,NA,NA,0.228070175438596,NA,NA,NA,NA,NA,NA,NA,NA
"184","TCGA-EE-A20C-06A-11D-A196-08",NA,NA,NA,NA,NA,0.293103448275862,NA,NA,NA,NA,NA,NA,NA,NA,NA,NA,0.647058823529412,NA,NA,NA,NA,NA,NA,NA
"185","TCGA-EE-A20H-06A-11D-A197-08",NA,0.976923076923077,NA,NA,NA,NA,NA,NA,NA,NA,NA,NA,NA,NA,NA,NA,NA,NA,NA,NA,NA,NA,NA,NA
"186","TCGA-EE-A29A-06A-12D-A196-08",NA,0.62280701754386,NA,NA,NA,NA,0.396449704142012,NA,NA,NA,NA,0.411111111111111,NA,NA,NA,NA,NA,NA,NA,NA,NA,NA,NA,NA
"187","TCGA-EE-A29B-06A-11D-A197-08",NA,NA,NA,NA,NA,0.425287356321839,NA,NA,NA,NA,NA,0.4,NA,0.461538461538462,NA,0.434782608695652,NA,NA,NA,NA,NA,0.736842105263158,NA,NA
"188","TCGA-EE-A29C-06A-21D-A197-08",NA,0.427184466019417,NA,NA,NA,NA,NA,NA,NA,NA,NA,NA,NA,NA,NA,NA,NA,NA,NA,NA,NA,NA,NA,NA
"189","TCGA-EE-A29D-06A-11D-A197-08",NA,NA,NA,NA,NA,0.54040404040404,NA,NA,NA,NA,NA,NA,0.891566265060241,NA,NA,0.238095238095238,NA,NA,NA,NA,0.121951219512195,NA,NA,NA
"190","TCGA-EE-A29E-06A-11D-A197-08",NA,0.841269841269841,NA,NA,0.603896103896104,0.863636363636364,NA,NA,0.866197183098592,NA,NA,NA,NA,NA,NA,0.593220338983051,NA,NA,NA,NA,NA,NA,NA,0.644067796610169
"191","TCGA-EE-A29G-06A-12D-A196-08",NA,NA,NA,NA,NA,NA,NA,NA,NA,NA,NA,NA,NA,NA,NA,NA,NA,0.187772925764192,NA,NA,NA,NA,NA,NA
"192","TCGA-EE-A29H-06A-12D-A197-08",NA,0.612612612612613,NA,NA,NA,0.422619047619048,NA,NA,NA,NA,NA,NA,NA,NA,NA,NA,NA,NA,NA,NA,NA,NA,NA,NA
"193","TCGA-EE-A29L-06A-12D-A196-08",NA,NA,NA,NA,NA,0.339920948616601,NA,NA,NA,NA,NA,NA,NA,NA,NA,NA,0.448275862068966,0.672514619883041,0.497907949790795,NA,NA,NA,NA,1
"194","TCGA-EE-A29M-06A-11D-A196-08",NA,0.319148936170213,NA,NA,NA,NA,NA,NA,NA,NA,NA,NA,NA,NA,0.279411764705882,NA,NA,NA,NA,NA,NA,NA,NA,0.350877192982456
"195","TCGA-EE-A29N-06A-12D-A197-08",0.177966101694915,0.186915887850467,NA,NA,NA,NA,NA,NA,NA,NA,NA,NA,NA,0.243243243243243,NA,NA,0.192307692307692,NA,NA,NA,NA,NA,NA,NA
"196","TCGA-EE-A29P-06A-11D-A197-08",0.464285714285714,0.242857142857143,NA,NA,NA,NA,NA,NA,NA,NA,NA,NA,NA,NA,NA,0.162790697674419,NA,NA,NA,0.277777777777778,NA,NA,0.147239263803681,NA
"197","TCGA-EE-A29Q-06A-11D-A197-08",NA,NA,NA,NA,NA,NA,NA,NA,NA,NA,NA,NA,NA,NA,NA,NA,NA,0.478787878787879,NA,NA,NA,NA,NA,NA
"198","TCGA-EE-A29R-06A-11D-A197-08",NA,NA,NA,NA,NA,NA,NA,NA,NA,NA,NA,NA,0.45,NA,0.482758620689655,NA,NA,0.86046511627907,0.818181818181818,NA,NA,NA,NA,NA
"199","TCGA-EE-A29S-06A-11D-A197-08",0.486486486486487,NA,NA,NA,NA,NA,NA,NA,NA,NA,NA,NA,NA,NA,NA,NA,NA,0.362637362637363,NA,NA,NA,NA,NA,NA
"200","TCGA-EE-A29T-06A-11D-A197-08",NA,0.435374149659864,NA,NA,NA,NA,NA,NA,NA,NA,NA,NA,NA,NA,0.290123456790123,NA,NA,NA,NA,NA,NA,NA,NA,NA
"201","TCGA-EE-A29V-06A-12D-A197-08",NA,NA,NA,0.320754716981132,0.527472527472527,NA,NA,NA,NA,NA,NA,NA,NA,NA,NA,NA,NA,0.424242424242424,NA,NA,NA,NA,NA,0.678571428571429
"202","TCGA-EE-A29W-06A-11D-A196-08",NA,0.422535211267606,NA,NA,NA,NA,NA,NA,NA,NA,NA,NA,NA,NA,NA,NA,NA,NA,0.770491803278688,NA,NA,NA,NA,NA
"203","TCGA-EE-A29X-06A-11D-A196-08",NA,NA,NA,NA,NA,NA,NA,NA,NA,NA,NA,NA,NA,NA,NA,NA,NA,0.596,NA,NA,NA,NA,NA,0.739130434782609
"204","TCGA-EE-A2A0-06A-11D-A196-08",NA,0.372950819672131,NA,NA,NA,NA,NA,NA,NA,NA,NA,NA,NA,NA,NA,NA,NA,NA,NA,NA,NA,NA,NA,NA
"205","TCGA-EE-A2A1-06A-11D-A197-08",NA,NA,NA,NA,NA,NA,NA,NA,0.214285714285714,NA,NA,NA,NA,NA,NA,0.140625,NA,0.145833333333333,NA,NA,NA,NA,NA,NA
"206","TCGA-EE-A2A2-06A-11D-A196-08",0.25,NA,NA,NA,NA,0.613832853025937,NA,0.369565217391304,NA,NA,NA,NA,NA,NA,NA,NA,0.265060240963855,0.353247984826932,NA,NA,NA,NA,NA,0.64819944598338
"207","TCGA-EE-A2A5-06A-11D-A197-08",NA,NA,0.775280898876405,NA,NA,NA,NA,NA,NA,NA,NA,NA,NA,NA,NA,0.289256198347107,NA,0.602941176470588,NA,NA,NA,NA,NA,NA
"208","TCGA-EE-A2A6-06A-11D-A197-08",NA,0.576923076923077,NA,NA,0.382352941176471,0.285714285714286,NA,NA,NA,NA,NA,NA,NA,NA,NA,NA,NA,NA,NA,NA,NA,NA,NA,NA
"209","TCGA-EE-A2GB-06A-11D-A197-08",NA,0.679012345679012,NA,NA,NA,0.846153846153846,NA,NA,NA,NA,NA,NA,NA,NA,NA,NA,NA,NA,NA,NA,NA,NA,NA,NA
"210","TCGA-EE-A2GC-06A-11D-A197-08",NA,0.333333333333333,NA,NA,NA,0.723404255319149,NA,NA,0.7,NA,NA,NA,NA,NA,NA,0.196969696969697,0.471910112359551,NA,NA,NA,NA,NA,NA,0.584905660377358
"211","TCGA-EE-A2GD-06A-11D-A196-08",0.208333333333333,NA,NA,NA,NA,0.318181818181818,NA,NA,NA,NA,NA,NA,NA,NA,NA,NA,NA,0.2,0.318181818181818,NA,NA,NA,NA,NA
"212","TCGA-EE-A2GE-06A-11D-A196-08",NA,0.301369863013699,NA,NA,NA,NA,NA,NA,NA,NA,NA,NA,NA,NA,NA,0.193877551020408,NA,NA,NA,NA,NA,NA,NA,NA
"213","TCGA-EE-A2GH-06A-11D-A196-08",NA,0.201058201058201,NA,NA,NA,NA,NA,NA,NA,NA,NA,NA,NA,NA,NA,NA,NA,NA,NA,NA,NA,NA,NA,NA
"214","TCGA-EE-A2GI-06A-11D-A196-08",0.227272727272727,NA,NA,NA,0.62,NA,NA,0.365079365079365,NA,NA,NA,NA,NA,NA,NA,NA,0.585365853658537,NA,NA,NA,NA,NA,NA,NA
"215","TCGA-EE-A2GJ-06A-11D-A196-08",0.299065420560748,0.295652173913043,NA,NA,NA,NA,NA,NA,NA,0.408695652173913,NA,NA,NA,NA,NA,NA,NA,0.516129032258065,NA,NA,NA,NA,NA,0.5
"216","TCGA-EE-A2GL-06A-11D-A196-08",NA,NA,NA,NA,NA,NA,NA,NA,NA,NA,NA,NA,NA,NA,NA,NA,NA,0.313492063492063,NA,NA,NA,NA,NA,NA
"217","TCGA-EE-A2GM-06B-11D-A196-08",NA,0.406015037593985,NA,NA,0.833333333333333,NA,NA,NA,NA,0.408163265306122,NA,NA,NA,NA,NA,NA,NA,0.623287671232877,0.909090909090909,NA,0.337662337662338,NA,0.627604166666667,NA
"218","TCGA-EE-A2GN-06A-11D-A196-08",NA,NA,0.515151515151515,NA,NA,NA,NA,NA,NA,NA,NA,NA,NA,NA,NA,NA,NA,0.291666666666667,NA,NA,NA,NA,NA,NA
"219","TCGA-EE-A2GO-06A-11D-A196-08",NA,0.173913043478261,NA,NA,NA,NA,NA,NA,NA,0.178082191780822,0.666666666666667,NA,NA,NA,NA,NA,0.551724137931034,NA,NA,NA,NA,NA,NA,NA
"220","TCGA-EE-A2GP-06A-11D-A197-08",NA,NA,NA,NA,NA,0.0833333333333333,NA,NA,NA,NA,NA,NA,NA,NA,NA,0.389830508474576,NA,0.593639575971731,NA,NA,NA,NA,NA,0.616666666666667
"221","TCGA-EE-A2GR-06A-11D-A197-08",NA,NA,NA,NA,NA,0.4,NA,NA,NA,NA,NA,NA,NA,NA,NA,0.591836734693878,0.455357142857143,NA,NA,NA,NA,NA,NA,NA
"222","TCGA-EE-A2GS-06A-12D-A197-08",NA,0.878787878787879,NA,NA,NA,NA,NA,NA,NA,NA,NA,NA,NA,NA,NA,NA,NA,NA,NA,0.645833333333333,NA,NA,NA,NA
"223","TCGA-EE-A2GT-06A-12D-A197-08",NA,0.27891156462585,NA,NA,NA,NA,NA,NA,NA,NA,NA,NA,NA,NA,NA,NA,NA,NA,NA,NA,NA,NA,NA,NA
"224","TCGA-EE-A2GU-06A-11D-A196-08",NA,NA,NA,NA,NA,NA,NA,NA,NA,NA,NA,0.226666666666667,NA,NA,NA,NA,NA,0.311475409836066,NA,0.0909090909090909,NA,NA,NA,NA
"225","TCGA-EE-A2M5-06A-12D-A197-08",NA,0.338461538461538,NA,NA,0.410714285714286,0.417910447761194,NA,NA,NA,NA,NA,NA,NA,NA,0.264150943396226,NA,NA,NA,NA,NA,0.494117647058824,NA,NA,NA
"226","TCGA-EE-A2M6-06A-12D-A197-08",NA,0.255813953488372,NA,NA,NA,NA,0.459459459459459,NA,NA,NA,NA,NA,NA,NA,NA,NA,NA,NA,NA,NA,NA,NA,NA,NA
"227","TCGA-EE-A2M7-06A-11D-A197-08",NA,0.709090909090909,NA,NA,NA,NA,NA,NA,NA,NA,NA,NA,NA,NA,NA,NA,NA,NA,NA,NA,NA,NA,NA,NA
"228","TCGA-EE-A2M8-06A-12D-A196-08",NA,0.121212121212121,NA,NA,NA,NA,NA,NA,NA,NA,NA,NA,NA,NA,NA,NA,NA,NA,NA,NA,NA,NA,NA,NA
"229","TCGA-EE-A2MC-06A-12D-A197-08",0.186666666666667,NA,NA,NA,NA,NA,NA,0.222222222222222,NA,NA,NA,NA,NA,NA,NA,0.151785714285714,NA,0.228758169934641,NA,NA,NA,NA,NA,NA
"230","TCGA-EE-A2MD-06A-11D-A197-08",NA,NA,NA,NA,NA,NA,NA,NA,NA,NA,NA,NA,NA,NA,NA,0.24468085106383,NA,0.512562814070352,NA,NA,NA,NA,NA,NA
"231","TCGA-EE-A2ME-06A-11D-A197-08",NA,0.119815668202765,NA,NA,NA,NA,NA,NA,NA,NA,NA,NA,NA,NA,NA,NA,NA,NA,NA,NA,NA,NA,NA,NA
"232","TCGA-EE-A2MF-06A-11D-A21A-08",NA,NA,NA,NA,NA,NA,NA,NA,NA,NA,0.384615384615385,NA,NA,NA,NA,NA,NA,0.426020408163265,NA,NA,NA,NA,NA,NA
"233","TCGA-EE-A2MG-06A-11D-A197-08",NA,0.162790697674419,NA,0.25531914893617,NA,NA,NA,NA,NA,NA,NA,NA,NA,NA,NA,NA,NA,NA,NA,NA,NA,NA,NA,NA
"234","TCGA-EE-A2MI-06A-11D-A197-08",NA,NA,NA,NA,NA,0.298611111111111,NA,NA,NA,NA,NA,NA,NA,NA,NA,NA,0.294117647058824,NA,NA,NA,NA,NA,NA,NA
"235","TCGA-EE-A2MJ-06A-11D-A197-08",NA,NA,NA,NA,NA,NA,NA,NA,NA,NA,NA,NA,NA,NA,NA,0.134831460674157,0.146757679180887,NA,NA,NA,NA,NA,NA,NA
"236","TCGA-EE-A2MK-06A-11D-A196-08",NA,0.666666666666667,NA,NA,NA,NA,NA,NA,NA,NA,NA,NA,NA,NA,NA,NA,NA,NA,NA,NA,NA,NA,NA,NA
"237","TCGA-EE-A2ML-06A-11D-A197-08",NA,NA,NA,NA,NA,NA,NA,NA,NA,NA,NA,NA,NA,NA,NA,NA,NA,0.328358208955224,0.580645161290323,NA,NA,NA,NA,NA
"238","TCGA-EE-A2MM-06A-11D-A196-08",NA,NA,NA,NA,NA,0.145833333333333,NA,NA,NA,NA,NA,NA,NA,NA,NA,NA,NA,0.516981132075472,NA,NA,NA,NA,NA,0.9375
"239","TCGA-EE-A2MN-06A-11D-A197-08",NA,NA,NA,NA,NA,NA,NA,NA,NA,NA,NA,NA,NA,NA,NA,NA,NA,0.364963503649635,NA,NA,NA,NA,NA,NA
"240","TCGA-EE-A2MP-06A-11D-A197-08",NA,0.409090909090909,NA,NA,NA,NA,NA,NA,NA,NA,NA,NA,NA,NA,NA,NA,NA,NA,NA,NA,NA,NA,NA,NA
"241","TCGA-EE-A2MQ-06A-11D-A197-08",NA,NA,NA,NA,NA,NA,NA,NA,NA,NA,NA,NA,NA,NA,NA,NA,NA,NA,NA,NA,NA,NA,NA,0.674418604651163
"242","TCGA-EE-A2MR-06A-11D-A196-08",NA,NA,NA,NA,NA,0.10126582278481,NA,0.34375,NA,NA,NA,NA,NA,NA,NA,NA,NA,NA,NA,NA,NA,NA,NA,NA
"243","TCGA-EE-A2MS-06A-11D-A197-08",NA,NA,NA,NA,NA,0.253521126760563,NA,NA,NA,NA,NA,NA,NA,NA,NA,NA,0.44375,NA,NA,NA,NA,NA,NA,NA
"244","TCGA-EE-A2MT-06A-11D-A197-08",NA,NA,NA,NA,NA,NA,NA,NA,NA,NA,NA,NA,0.411111111111111,0.354838709677419,NA,NA,0.385542168674699,NA,NA,NA,NA,0.333333333333333,NA,NA
"245","TCGA-EE-A2MU-06A-21D-A196-08",NA,NA,NA,NA,NA,NA,NA,NA,0.51063829787234,NA,NA,NA,NA,NA,0.298245614035088,NA,NA,0.188405797101449,NA,NA,NA,NA,NA,0.333333333333333
"246","TCGA-EE-A3AA-06A-11D-A196-08",NA,0.199029126213592,NA,NA,NA,NA,NA,NA,0.327586206896552,NA,NA,NA,NA,NA,NA,0.229166666666667,NA,NA,NA,NA,NA,NA,NA,0.196261682242991
"247","TCGA-EE-A3AB-06A-11D-A196-08",NA,0.664516129032258,NA,NA,NA,0.178571428571429,NA,NA,NA,NA,NA,NA,NA,NA,NA,NA,NA,NA,NA,NA,NA,NA,NA,NA
"248","TCGA-EE-A3AC-06A-11D-A196-08",NA,NA,NA,NA,NA,NA,0.354166666666667,NA,NA,NA,NA,NA,NA,NA,NA,0.357142857142857,NA,0.351351351351351,NA,NA,NA,NA,NA,NA
"249","TCGA-EE-A3AD-06A-11D-A196-08",NA,0.976190476190476,NA,0.744186046511628,NA,NA,NA,NA,NA,NA,NA,NA,NA,NA,NA,0.364864864864865,NA,NA,NA,NA,NA,NA,NA,0.41
"250","TCGA-EE-A3AE-06A-11D-A196-08",NA,NA,NA,NA,0.819875776397516,NA,NA,NA,NA,NA,NA,NA,NA,NA,NA,0.25,0.871794871794872,NA,NA,NA,NA,NA,NA,0.75
"251","TCGA-EE-A3AF-06A-11D-A196-08",0.303664921465969,0.525925925925926,NA,NA,NA,0.75,NA,NA,0.308411214953271,NA,NA,NA,NA,NA,NA,0.274725274725275,NA,NA,NA,NA,NA,NA,NA,NA
"252","TCGA-EE-A3AG-06A-31D-A196-08",0.261682242990654,0.72972972972973,NA,NA,NA,NA,NA,NA,NA,NA,NA,NA,NA,NA,NA,NA,NA,NA,NA,NA,NA,NA,NA,0.876923076923077
"253","TCGA-EE-A3AH-06A-11D-A196-08",NA,0.663265306122449,NA,NA,NA,NA,NA,NA,NA,NA,NA,NA,NA,NA,NA,NA,NA,NA,NA,0.772727272727273,NA,NA,NA,NA
"254","TCGA-EE-A3J3-06A-11D-A20D-08",NA,0.461538461538462,NA,NA,NA,NA,NA,NA,NA,NA,NA,NA,NA,NA,NA,NA,NA,NA,NA,NA,NA,NA,NA,NA
"255","TCGA-EE-A3J4-06A-11D-A20D-08",NA,0.377245508982036,NA,NA,NA,NA,NA,NA,NA,NA,NA,NA,NA,NA,NA,NA,NA,NA,NA,NA,NA,NA,NA,NA
"256","TCGA-EE-A3J5-06A-11D-A20D-08",NA,NA,NA,NA,NA,0.608695652173913,NA,NA,NA,NA,NA,NA,NA,NA,NA,NA,0.6,NA,NA,NA,NA,0.611111111111111,NA,0.583333333333333
"257","TCGA-EE-A3J7-06A-11D-A20D-08",NA,NA,NA,NA,0.8,NA,NA,NA,0.933333333333333,NA,NA,NA,NA,NA,NA,NA,NA,0.612582781456954,NA,NA,NA,NA,NA,0.909090909090909
"258","TCGA-EE-A3J8-06A-11D-A20D-08",NA,NA,NA,NA,NA,NA,NA,NA,NA,NA,NA,0.513274336283186,NA,NA,NA,NA,NA,0.562724014336918,NA,NA,NA,NA,NA,0.95
"259","TCGA-EE-A3JA-06A-11D-A20D-08",NA,NA,0.219512195121951,NA,NA,0.333333333333333,NA,NA,NA,NA,NA,NA,NA,NA,NA,NA,NA,0.547038327526132,NA,NA,NA,NA,NA,NA
"260","TCGA-EE-A3JB-06A-11D-A21A-08",NA,0.383647798742138,NA,NA,0.583333333333333,NA,NA,NA,NA,NA,NA,NA,NA,NA,0.358695652173913,NA,NA,NA,NA,NA,NA,NA,NA,NA
"261","TCGA-EE-A3JD-06A-11D-A20D-08",NA,0.161417322834646,NA,NA,0.122448979591837,0.171875,NA,NA,NA,NA,NA,NA,NA,NA,NA,NA,0.0979381443298969,NA,NA,NA,0.158371040723982,NA,NA,0.0849056603773585
"262","TCGA-EE-A3JE-06A-11D-A20D-08",0.117486338797814,0.150442477876106,NA,NA,NA,NA,NA,NA,NA,NA,NA,NA,NA,NA,NA,NA,NA,NA,NA,0.108108108108108,NA,NA,NA,NA
"263","TCGA-EE-A3JH-06A-11D-A21A-08",NA,0.134328358208955,NA,NA,NA,NA,NA,NA,NA,NA,NA,NA,NA,NA,0.231292517006803,NA,NA,NA,NA,NA,NA,NA,NA,NA
"264","TCGA-EE-A3JI-06A-11D-A21A-08",NA,NA,NA,NA,NA,0.515384615384615,NA,NA,NA,NA,NA,0.306122448979592,NA,NA,NA,NA,NA,0.599462365591398,0.0342205323193916,NA,NA,NA,NA,0.586294416243655
"265","TCGA-ER-A193-06A-12D-A197-08",0.219512195121951,0.714285714285714,NA,NA,NA,NA,NA,NA,0.632911392405063,NA,NA,NA,NA,NA,NA,0.329113924050633,NA,NA,NA,NA,NA,NA,NA,NA
"266","TCGA-ER-A194-01A-11D-A197-08",NA,NA,NA,NA,NA,NA,NA,NA,NA,NA,0.266666666666667,NA,NA,NA,NA,NA,0.335260115606936,NA,NA,NA,NA,NA,NA,NA
"267","TCGA-ER-A195-06A-11D-A196-08",NA,NA,NA,NA,NA,NA,NA,NA,NA,NA,NA,NA,NA,NA,NA,NA,NA,0.28448275862069,NA,NA,NA,NA,NA,NA
"268","TCGA-ER-A198-06A-11D-A196-08",NA,0.454545454545455,NA,NA,NA,NA,NA,NA,NA,NA,NA,NA,NA,NA,NA,NA,NA,NA,NA,NA,NA,NA,NA,NA
"269","TCGA-ER-A199-06A-11D-A197-08",NA,NA,NA,NA,NA,0.12,NA,NA,NA,NA,NA,NA,NA,NA,NA,NA,NA,0.258064516129032,NA,NA,0.184615384615385,NA,NA,NA
"270","TCGA-ER-A19A-06A-21D-A197-08",NA,NA,NA,NA,NA,NA,NA,NA,NA,NA,NA,NA,NA,NA,NA,NA,0.0714285714285714,NA,NA,NA,NA,0.0425531914893617,NA,NA
"271","TCGA-ER-A19B-06A-11D-A196-08",NA,0.783018867924528,NA,NA,NA,NA,NA,NA,NA,NA,NA,NA,NA,NA,NA,NA,NA,NA,NA,NA,NA,NA,NA,NA
"272","TCGA-ER-A19C-06A-11D-A196-08",NA,0.375,NA,NA,NA,NA,NA,0.388888888888889,NA,NA,NA,NA,NA,NA,NA,NA,NA,NA,NA,NA,NA,NA,NA,NA
"273","TCGA-ER-A19D-06A-11D-A197-08",NA,NA,NA,NA,0.627118644067797,NA,NA,NA,NA,NA,NA,NA,NA,NA,NA,NA,NA,0.762611275964392,NA,NA,NA,NA,NA,NA
"274","TCGA-ER-A19E-06A-11D-A197-08",NA,0.863309352517986,NA,0.866666666666667,NA,NA,NA,NA,NA,NA,NA,NA,NA,NA,NA,NA,NA,NA,NA,0.666666666666667,NA,NA,NA,0.944444444444444
"275","TCGA-ER-A19F-06A-11D-A196-08",NA,0.428571428571429,NA,NA,NA,NA,NA,NA,NA,NA,NA,NA,NA,NA,NA,0.307692307692308,0.367924528301887,NA,NA,NA,NA,NA,NA,NA
"276","TCGA-ER-A19G-06A-11D-A196-08",NA,0.435483870967742,NA,NA,NA,NA,NA,NA,NA,NA,NA,NA,NA,NA,NA,NA,NA,NA,NA,NA,NA,NA,NA,NA
"277","TCGA-ER-A19H-06A-12D-A196-08",NA,0.801980198019802,NA,NA,NA,NA,NA,NA,NA,NA,NA,NA,NA,NA,NA,NA,NA,NA,NA,NA,NA,NA,NA,NA
"278","TCGA-ER-A19J-06A-11D-A196-08",NA,0.892307692307692,NA,NA,NA,NA,NA,NA,NA,NA,NA,NA,NA,NA,NA,0.578947368421053,NA,NA,NA,0.71875,NA,NA,NA,NA
"279","TCGA-ER-A19K-01A-21D-A197-08",NA,0.537142857142857,NA,NA,NA,NA,NA,NA,NA,NA,NA,NA,NA,NA,NA,0.226666666666667,NA,NA,NA,NA,NA,NA,NA,NA
"280","TCGA-ER-A19L-06A-12D-A197-08",NA,NA,NA,NA,0.533333333333333,NA,NA,NA,NA,NA,NA,NA,NA,NA,NA,NA,NA,NA,NA,NA,NA,NA,NA,NA
"281","TCGA-ER-A19M-06A-61D-A23B-08",NA,0.298507462686567,NA,NA,NA,NA,NA,NA,NA,NA,NA,NA,NA,NA,NA,0.195652173913043,NA,NA,NA,NA,NA,NA,NA,NA
"282","TCGA-ER-A19N-06A-11D-A197-08",NA,NA,NA,NA,NA,NA,NA,NA,NA,NA,NA,NA,NA,NA,NA,NA,NA,0.298611111111111,NA,NA,NA,NA,NA,NA
"283","TCGA-ER-A19O-06A-11D-A197-08",NA,0.413333333333333,NA,NA,NA,NA,0.318181818181818,0.257575757575758,NA,NA,NA,NA,NA,NA,NA,0.208333333333333,NA,NA,NA,NA,NA,NA,NA,NA
"284","TCGA-ER-A19P-06A-11D-A196-08",NA,NA,NA,NA,NA,NA,NA,NA,NA,NA,NA,NA,NA,NA,NA,NA,NA,NA,NA,NA,NA,NA,0.0662251655629139,NA
"285","TCGA-ER-A19Q-06A-11D-A197-08",NA,0.376623376623377,NA,NA,NA,NA,NA,NA,NA,NA,NA,NA,NA,NA,NA,NA,NA,NA,NA,NA,NA,NA,NA,NA
"286","TCGA-ER-A19S-06A-11D-A196-08",NA,0.21875,NA,NA,NA,NA,NA,NA,NA,NA,NA,NA,NA,NA,NA,NA,NA,NA,NA,NA,NA,NA,NA,NA
"287","TCGA-ER-A19W-06A-41D-A23B-08",NA,NA,NA,0.168539325842697,NA,NA,NA,NA,NA,NA,NA,NA,NA,NA,NA,NA,NA,0.170984455958549,NA,NA,NA,NA,NA,NA
"288","TCGA-ER-A2NB-01A-12D-A196-08",NA,NA,NA,NA,NA,NA,NA,NA,NA,NA,NA,NA,NA,NA,NA,NA,NA,0.443820224719101,NA,NA,NA,NA,NA,NA
"289","TCGA-ER-A2NC-06A-11D-A197-08",NA,0.354838709677419,NA,NA,NA,NA,NA,NA,NA,NA,NA,NA,NA,NA,NA,0.365384615384615,NA,0.396825396825397,NA,NA,NA,NA,NA,NA
"290","TCGA-ER-A2ND-06A-11D-A196-08",NA,0.313432835820896,NA,NA,NA,NA,NA,NA,NA,NA,NA,NA,NA,NA,NA,NA,NA,NA,NA,NA,NA,NA,NA,NA
"291","TCGA-ER-A2NE-06A-21D-A196-08",NA,NA,NA,NA,NA,NA,NA,NA,NA,NA,NA,NA,NA,NA,NA,NA,NA,NA,NA,0.0909090909090909,NA,NA,NA,NA
"292","TCGA-ER-A2NG-06A-11D-A196-08",NA,0.421875,NA,NA,NA,NA,NA,NA,NA,NA,NA,NA,NA,NA,NA,NA,NA,NA,NA,NA,NA,NA,NA,NA
"293","TCGA-ER-A2NH-06A-11D-A196-08",NA,NA,NA,NA,NA,NA,NA,0.27906976744186,NA,NA,NA,NA,NA,NA,NA,NA,NA,0.787654320987654,NA,NA,NA,NA,NA,NA
"294","TCGA-ER-A3ES-06A-11D-A20D-08",NA,NA,NA,NA,NA,NA,NA,NA,NA,0.43298969072165,NA,0.4,NA,NA,NA,NA,NA,NA,NA,NA,NA,NA,NA,NA
"295","TCGA-ER-A3ET-06A-11D-A20D-08",NA,NA,NA,NA,NA,NA,NA,NA,NA,0.201754385964912,NA,NA,NA,NA,NA,NA,NA,NA,NA,NA,NA,NA,NA,0.862745098039216
"296","TCGA-ER-A3PL-06A-11D-A23B-08",NA,0.648484848484848,NA,NA,NA,NA,NA,NA,NA,NA,NA,NA,NA,NA,NA,NA,NA,NA,NA,NA,NA,NA,NA,NA
"297","TCGA-ER-A42H-01A-11D-A24R-08",NA,NA,NA,NA,NA,NA,NA,NA,NA,NA,NA,NA,0.972826086956522,NA,0.403846153846154,NA,NA,NA,NA,NA,NA,NA,NA,NA
"298","TCGA-ER-A42K-06A-11D-A24R-08",NA,0.639455782312925,NA,NA,NA,NA,NA,NA,NA,NA,NA,NA,NA,NA,NA,NA,NA,NA,NA,0.6875,NA,NA,NA,NA
"299","TCGA-ER-A42L-06A-11D-A24R-08",NA,0.07,NA,NA,NA,NA,NA,NA,NA,NA,NA,0.178571428571429,NA,NA,0.0895522388059701,0.111111111111111,NA,NA,NA,NA,NA,NA,NA,NA
"300","TCGA-FR-A3R1-01A-11D-A23B-08",NA,NA,NA,NA,NA,0.37,NA,NA,NA,NA,NA,0.39344262295082,NA,NA,NA,NA,0.238095238095238,NA,NA,NA,NA,NA,NA,NA
"301","TCGA-FR-A3YN-06A-11D-A23B-08",NA,NA,NA,NA,NA,NA,NA,NA,NA,NA,NA,NA,NA,NA,NA,NA,NA,0.629213483146067,NA,NA,NA,NA,0.336134453781513,NA
"302","TCGA-FR-A3YO-06A-11D-A23B-08",0.355932203389831,0.452941176470588,NA,NA,0.307692307692308,NA,NA,NA,NA,NA,NA,NA,NA,NA,NA,NA,NA,NA,NA,NA,NA,NA,NA,NA
"303","TCGA-FR-A44A-06A-11D-A24R-08",NA,0.409090909090909,NA,NA,NA,NA,NA,NA,NA,NA,NA,NA,NA,NA,NA,NA,NA,NA,NA,NA,NA,NA,NA,NA
"304","TCGA-FR-A69P-06A-21D-A30X-08",NA,NA,NA,NA,NA,NA,NA,NA,NA,NA,NA,NA,NA,NA,NA,NA,NA,0.728522336769759,NA,NA,NA,NA,NA,NA
"305","TCGA-FR-A726-01A-11D-A32N-08",0.233100233100233,NA,NA,NA,NA,NA,NA,NA,NA,0.261904761904762,NA,NA,0.315384615384615,NA,NA,0.311926605504587,0.257383966244726,NA,NA,NA,0.281609195402299,NA,NA,NA
"306","TCGA-FR-A728-01A-11D-A32N-08",NA,0.179487179487179,NA,0.252873563218391,NA,NA,NA,NA,NA,NA,NA,NA,NA,NA,NA,NA,NA,NA,NA,NA,NA,NA,NA,NA
"307","TCGA-FR-A729-06A-11D-A34U-08",NA,0.506329113924051,NA,NA,NA,0.405405405405405,NA,0.0935251798561151,NA,NA,NA,NA,NA,NA,NA,0.542553191489362,NA,NA,NA,0.333333333333333,NA,NA,NA,0.55
"308","TCGA-FR-A7U8-06A-21D-A34U-08",NA,NA,NA,NA,NA,NA,NA,NA,NA,NA,NA,NA,NA,NA,NA,0.462365591397849,NA,0.691588785046729,NA,NA,NA,NA,NA,NA
"309","TCGA-FR-A7U9-06A-11D-A34U-08",NA,NA,NA,NA,0.271356783919598,NA,NA,0.243243243243243,NA,NA,NA,NA,NA,NA,NA,0.388888888888889,0.361702127659574,NA,NA,NA,NA,0.310810810810811,NA,0.2
"310","TCGA-FR-A7UA-06A-32D-A34U-08",NA,0.220264317180617,NA,NA,NA,NA,NA,NA,NA,NA,NA,NA,NA,NA,NA,NA,NA,NA,NA,NA,NA,NA,NA,NA
"311","TCGA-FR-A8YC-06A-11D-A372-08",NA,NA,NA,NA,0.692307692307692,0.229508196721311,NA,NA,NA,NA,NA,NA,NA,NA,NA,0.447368421052632,0.354166666666667,NA,NA,NA,0.236363636363636,NA,NA,NA
"312","TCGA-FR-A8YD-06A-11D-A372-08",NA,NA,NA,NA,NA,NA,NA,NA,NA,NA,NA,NA,NA,NA,NA,NA,0.25,NA,NA,NA,NA,NA,NA,NA
"313","TCGA-FR-A8YE-06A-11D-A372-08",NA,0.231404958677686,NA,NA,NA,NA,NA,NA,NA,NA,NA,NA,NA,NA,NA,NA,NA,NA,NA,NA,NA,NA,NA,NA
"314","TCGA-FS-A1YW-06A-11D-A197-08",NA,NA,NA,NA,NA,0.661290322580645,NA,NA,NA,NA,NA,NA,NA,NA,NA,NA,NA,0.456521739130435,NA,NA,NA,NA,NA,NA
"315","TCGA-FS-A1YX-06A-11D-A197-08",NA,0.754716981132076,NA,NA,NA,NA,NA,NA,NA,NA,NA,NA,NA,NA,NA,NA,NA,NA,NA,NA,NA,NA,NA,NA
"316","TCGA-FS-A1YY-06A-11D-A197-08",NA,0.411764705882353,NA,NA,NA,NA,0.348837209302326,NA,NA,NA,NA,NA,NA,NA,NA,NA,NA,NA,NA,NA,NA,NA,NA,NA
"317","TCGA-FS-A1Z0-06A-11D-A197-08",NA,NA,NA,NA,NA,NA,NA,NA,NA,NA,NA,NA,NA,NA,NA,NA,NA,NA,NA,NA,NA,0.574468085106383,NA,NA
"318","TCGA-FS-A1Z3-06A-11D-A197-08",0.352380952380952,NA,NA,NA,NA,NA,NA,NA,0.824561403508772,NA,NA,NA,NA,NA,NA,NA,0.492647058823529,0.917293233082707,NA,NA,NA,NA,NA,NA
"319","TCGA-FS-A1Z4-06A-11D-A197-08",NA,NA,NA,NA,NA,NA,NA,NA,NA,NA,NA,NA,NA,NA,NA,NA,NA,NA,NA,NA,NA,NA,NA,0.162790697674419
"320","TCGA-FS-A1Z7-06A-11D-A197-08",NA,0.560747663551402,NA,NA,NA,NA,NA,NA,NA,NA,NA,NA,NA,NA,NA,NA,NA,NA,NA,NA,NA,NA,NA,NA
"321","TCGA-FS-A1ZA-06A-11D-A197-08",NA,NA,NA,NA,NA,NA,NA,0.407407407407407,NA,NA,NA,NA,NA,NA,NA,0.285714285714286,0.144927536231884,NA,NA,NA,0.260162601626016,NA,NA,NA
"322","TCGA-FS-A1ZC-06A-11D-A197-08",0.549019607843137,0.405263157894737,NA,NA,NA,NA,NA,NA,NA,NA,NA,NA,NA,NA,NA,0.645833333333333,NA,NA,0.896551724137931,NA,NA,NA,NA,NA
"323","TCGA-FS-A1ZD-06A-11D-A197-08",NA,0.948051948051948,NA,NA,NA,NA,NA,NA,NA,NA,NA,NA,NA,NA,NA,0.2,NA,NA,NA,0.903225806451613,NA,NA,NA,NA
"324","TCGA-FS-A1ZE-06A-11D-A197-08",NA,NA,NA,NA,NA,NA,NA,NA,NA,NA,NA,NA,NA,NA,NA,0.509433962264151,NA,0.449704142011834,NA,NA,NA,NA,NA,NA
"325","TCGA-FS-A1ZF-06A-12D-A197-08",NA,0.440677966101695,NA,NA,NA,NA,NA,NA,NA,NA,NA,NA,NA,NA,NA,NA,NA,NA,NA,NA,NA,NA,NA,NA
"326","TCGA-FS-A1ZG-06A-11D-A197-08",NA,NA,NA,NA,NA,NA,NA,NA,NA,NA,NA,NA,NA,0.923076923076923,NA,NA,NA,NA,NA,NA,NA,NA,NA,NA
"327","TCGA-FS-A1ZH-06A-11D-A197-08",NA,0.288461538461538,NA,NA,NA,NA,NA,NA,NA,NA,NA,NA,NA,NA,NA,NA,NA,NA,0.637931034482759,NA,NA,NA,NA,NA
"328","TCGA-FS-A1ZK-06A-11D-A197-08",NA,NA,NA,NA,NA,NA,NA,NA,0.848484848484849,NA,NA,NA,NA,0.946428571428571,NA,NA,NA,NA,NA,NA,0.0480132450331126,NA,NA,NA
"329","TCGA-FS-A1ZN-01A-11D-A197-08",NA,0.410526315789474,NA,NA,NA,NA,NA,NA,NA,NA,NA,NA,NA,NA,NA,NA,NA,NA,NA,NA,NA,NA,NA,NA
"330","TCGA-FS-A1ZP-06A-11D-A197-08",0.331288343558282,NA,NA,NA,NA,NA,NA,NA,NA,NA,NA,0.257575757575758,NA,NA,NA,NA,0.370860927152318,0.305785123966942,NA,NA,0.363636363636364,NA,NA,NA
"331","TCGA-FS-A1ZQ-06A-11D-A197-08",NA,NA,NA,NA,0.626865671641791,NA,NA,NA,NA,NA,NA,NA,NA,NA,NA,NA,NA,0.360544217687075,NA,NA,NA,NA,NA,NA
"332","TCGA-FS-A1ZR-06A-21D-A197-08",NA,0.613861386138614,NA,NA,NA,NA,NA,NA,NA,NA,NA,NA,NA,NA,NA,NA,NA,NA,NA,NA,NA,NA,NA,NA
"333","TCGA-FS-A1ZS-06A-12D-A197-08",NA,0.728155339805825,NA,NA,NA,NA,NA,NA,NA,NA,NA,NA,NA,NA,NA,NA,NA,NA,NA,NA,NA,NA,NA,NA
"334","TCGA-FS-A1ZT-06A-11D-A197-08",NA,NA,NA,NA,NA,NA,NA,NA,NA,NA,NA,NA,NA,NA,NA,NA,NA,0.440559440559441,NA,NA,NA,NA,NA,NA
"335","TCGA-FS-A1ZU-06A-12D-A196-08",NA,NA,NA,NA,NA,NA,NA,NA,NA,NA,NA,NA,NA,NA,NA,NA,NA,NA,NA,NA,0.29,NA,0.315789473684211,NA
"336","TCGA-FS-A1ZW-06A-12D-A197-08",NA,NA,NA,NA,0.473477406679764,NA,NA,NA,NA,NA,NA,NA,NA,NA,NA,0.402061855670103,NA,0.313084112149533,0.473684210526316,NA,NA,NA,NA,NA
"337","TCGA-FS-A1ZY-06A-11D-A197-08",NA,NA,NA,NA,NA,NA,NA,NA,NA,NA,NA,NA,NA,NA,NA,NA,NA,0.715384615384615,NA,NA,NA,NA,NA,NA
"338","TCGA-FS-A1ZZ-06A-11D-A197-08",NA,0.560975609756098,NA,NA,NA,NA,NA,0.472972972972973,NA,NA,NA,NA,NA,NA,NA,0.532608695652174,0.457746478873239,0.962264150943396,NA,NA,NA,NA,NA,NA
"339","TCGA-FS-A4F0-06A-11D-A24R-08",NA,NA,NA,NA,NA,1,NA,NA,NA,NA,NA,NA,NA,NA,NA,0.486111111111111,NA,NA,NA,NA,NA,NA,NA,NA
"340","TCGA-FS-A4F4-06A-12D-A25O-08",NA,NA,NA,NA,NA,NA,NA,NA,NA,NA,NA,NA,NA,NA,NA,NA,0.387096774193548,NA,NA,NA,NA,NA,NA,NA
"341","TCGA-FS-A4F5-06A-11D-A25O-08",0.85,NA,NA,NA,NA,NA,NA,0.25,NA,NA,NA,NA,NA,NA,NA,NA,NA,0.767441860465116,NA,NA,NA,NA,NA,NA
"342","TCGA-FS-A4F8-06A-11D-A25O-08",NA,0.178571428571429,0.119047619047619,NA,NA,0.244186046511628,NA,0.119402985074627,NA,NA,NA,NA,NA,NA,NA,NA,NA,NA,NA,NA,NA,NA,NA,NA
"343","TCGA-FS-A4F9-06A-11D-A24R-08",NA,NA,NA,NA,NA,NA,0.512820512820513,0.471698113207547,NA,NA,NA,NA,NA,NA,NA,NA,NA,0.444444444444444,NA,NA,NA,NA,NA,NA
"344","TCGA-FS-A4FB-06A-11D-A25O-08",NA,0.409090909090909,NA,NA,NA,NA,NA,NA,NA,NA,NA,NA,NA,NA,NA,NA,NA,NA,NA,NA,NA,NA,NA,NA
"345","TCGA-FS-A4FC-06A-11D-A24R-08",0.269689737470167,NA,NA,NA,NA,0.272727272727273,NA,0.285714285714286,NA,NA,NA,NA,NA,NA,NA,NA,NA,0.372549019607843,NA,NA,NA,NA,NA,NA
"346","TCGA-FS-A4FD-06A-11D-A25O-08",NA,NA,NA,NA,NA,0.333333333333333,NA,0.315508021390374,NA,NA,NA,NA,NA,NA,NA,NA,NA,NA,NA,NA,NA,NA,NA,NA
"347","TCGA-FW-A3I3-06A-11D-A21A-08",NA,NA,NA,NA,NA,NA,NA,NA,NA,NA,NA,NA,NA,NA,NA,NA,0.75886524822695,NA,NA,0.977777777777778,NA,NA,NA,NA
"348","TCGA-FW-A3R5-06A-11D-A23B-08",0.278991596638655,0.230024213075061,0.197452229299363,NA,NA,0.177993527508091,NA,NA,NA,0.3,NA,NA,0.34375,NA,NA,0.267045454545455,0.379032258064516,NA,NA,NA,NA,NA,NA,0.396551724137931
"349","TCGA-FW-A3TU-06A-11D-A23B-08",NA,NA,NA,NA,NA,0.432432432432432,NA,NA,NA,NA,NA,NA,NA,NA,NA,NA,NA,NA,NA,NA,NA,0.558139534883721,NA,NA
"350","TCGA-FW-A3TV-06A-11D-A23B-08",NA,0.197183098591549,NA,NA,NA,NA,NA,NA,NA,NA,NA,NA,NA,NA,NA,0.348214285714286,NA,NA,NA,NA,NA,NA,NA,NA
"351","TCGA-FW-A5DX-01A-11D-A27K-08",NA,0.540372670807453,NA,NA,NA,NA,NA,NA,NA,NA,NA,NA,NA,NA,NA,NA,NA,NA,NA,NA,NA,0.842105263157895,NA,0.875
"352","TCGA-FW-A5DY-06A-11D-A30X-08",NA,0.0597014925373134,NA,NA,NA,0.0824742268041237,NA,NA,NA,NA,NA,NA,NA,NA,NA,NA,NA,NA,NA,NA,NA,NA,NA,NA
"353","TCGA-GF-A2C7-01A-11D-A197-08",NA,0.671641791044776,NA,NA,NA,NA,NA,NA,NA,NA,NA,NA,NA,NA,NA,NA,NA,NA,NA,0.807692307692308,NA,NA,NA,NA
"354","TCGA-GF-A3OT-06A-23D-A23B-08",NA,NA,NA,NA,NA,NA,NA,NA,NA,NA,NA,NA,NA,NA,NA,NA,NA,0.405797101449275,NA,NA,NA,NA,NA,NA
"355","TCGA-GF-A4EO-06A-12D-A24R-08",NA,0.302681992337165,NA,NA,0.210526315789474,NA,NA,NA,NA,NA,NA,NA,NA,NA,NA,NA,0.0555555555555556,NA,NA,NA,NA,NA,NA,NA
"356","TCGA-GF-A6C8-06A-12D-A30X-08",NA,0.511111111111111,NA,0.484848484848485,NA,NA,NA,NA,NA,NA,NA,NA,NA,NA,NA,NA,NA,NA,NA,NA,NA,NA,NA,0.555555555555556
"357","TCGA-GF-A6C9-06A-11D-A30X-08",NA,0.231707317073171,0.222857142857143,NA,NA,0.116279069767442,NA,NA,NA,0.171428571428571,NA,NA,NA,NA,NA,0.164772727272727,NA,0.19047619047619,NA,NA,NA,NA,NA,0.2
"358","TCGA-GF-A769-01A-32D-A32N-08",NA,0.542682926829268,NA,NA,NA,NA,NA,NA,NA,NA,NA,NA,NA,NA,NA,NA,NA,NA,NA,NA,NA,NA,NA,NA
"359","TCGA-GN-A262-06A-11D-A196-08",NA,0.519480519480519,NA,NA,NA,NA,NA,NA,NA,NA,NA,NA,NA,NA,NA,NA,NA,NA,NA,NA,NA,NA,NA,NA
"360","TCGA-GN-A263-01A-11D-A196-08",NA,0.163265306122449,NA,NA,NA,NA,NA,NA,NA,NA,NA,0.267857142857143,NA,NA,NA,NA,NA,NA,NA,NA,NA,NA,NA,NA
"361","TCGA-GN-A264-06A-11D-A196-08",NA,NA,NA,NA,NA,NA,NA,NA,NA,NA,NA,NA,0.626436781609195,NA,NA,NA,NA,NA,NA,NA,NA,NA,NA,NA
"362","TCGA-GN-A265-06A-21D-A197-08",NA,0.172839506172839,NA,NA,NA,NA,NA,NA,NA,NA,NA,NA,NA,NA,NA,NA,NA,NA,NA,NA,NA,NA,NA,NA
"363","TCGA-GN-A266-06A-11D-A197-08",0.705882352941177,NA,NA,NA,NA,0.15546218487395,NA,0.409090909090909,NA,NA,NA,NA,NA,NA,NA,0.115044247787611,0.46875,NA,NA,NA,0.245614035087719,NA,NA,0.450980392156863
"364","TCGA-GN-A267-06A-21D-A196-08",NA,NA,NA,NA,NA,NA,NA,NA,NA,NA,NA,NA,NA,NA,NA,NA,NA,0.375,0.362068965517241,NA,NA,NA,NA,NA
"365","TCGA-GN-A268-06A-11D-A196-08",NA,NA,NA,NA,NA,NA,NA,NA,NA,NA,NA,0.413793103448276,NA,NA,NA,NA,NA,0.365168539325843,NA,NA,NA,NA,NA,NA
"366","TCGA-GN-A269-01A-11D-A19A-08",NA,0.158730158730159,NA,NA,NA,NA,0.186046511627907,NA,NA,NA,NA,NA,NA,NA,NA,NA,0.219512195121951,NA,NA,NA,NA,NA,NA,NA
"367","TCGA-GN-A26A-06A-11D-A19A-08",NA,0.166666666666667,NA,NA,0.510869565217391,NA,NA,NA,NA,0.362637362637363,NA,NA,NA,NA,NA,NA,NA,NA,NA,NA,NA,NA,NA,NA
"368","TCGA-GN-A26C-01A-11D-A19A-08",0.350877192982456,NA,NA,NA,NA,NA,NA,NA,NA,NA,NA,NA,NA,NA,NA,0.264462809917355,0.333333333333333,NA,NA,0.190265486725664,NA,NA,NA,0.495238095238095
"369","TCGA-GN-A4U3-06A-11D-A32N-08",NA,NA,NA,NA,NA,NA,NA,NA,NA,NA,NA,NA,NA,NA,NA,NA,NA,0.53921568627451,NA,NA,NA,NA,NA,0.92156862745098
"370","TCGA-GN-A4U4-06A-11D-A32N-08",0.402777777777778,NA,NA,NA,NA,NA,NA,NA,NA,NA,NA,NA,NA,NA,NA,NA,NA,0.553745928338762,NA,NA,NA,NA,NA,NA
"371","TCGA-GN-A4U5-01A-11D-A32N-08",NA,0.379032258064516,NA,NA,NA,NA,NA,NA,NA,NA,NA,NA,NA,NA,NA,NA,NA,NA,NA,0.193548387096774,NA,NA,0.247311827956989,NA
"372","TCGA-GN-A4U7-06A-21D-A32N-08",NA,0.559322033898305,NA,NA,NA,NA,NA,NA,NA,NA,NA,NA,NA,NA,NA,0.376237623762376,NA,NA,NA,NA,NA,NA,NA,NA
"373","TCGA-GN-A4U8-06A-11D-A32N-08",NA,0.408450704225352,NA,NA,NA,NA,NA,NA,NA,NA,NA,NA,NA,NA,NA,NA,NA,NA,NA,0.303370786516854,NA,NA,NA,NA
"374","TCGA-GN-A4U9-06A-11D-A32N-08",NA,NA,NA,NA,NA,NA,NA,NA,NA,NA,NA,NA,NA,NA,NA,NA,NA,0.635,NA,NA,NA,NA,NA,NA
"375","TCGA-GN-A8LK-06A-11D-A372-08",NA,NA,NA,NA,0.972972972972973,0.588235294117647,NA,NA,NA,NA,NA,NA,NA,NA,NA,NA,NA,NA,0.252873563218391,NA,NA,NA,NA,0.52
"376","TCGA-GN-A8LN-01A-11D-A372-08",NA,NA,0.414814814814815,NA,NA,NA,NA,NA,NA,NA,NA,NA,NA,NA,NA,NA,NA,0.454166666666667,NA,NA,0.404040404040404,NA,NA,NA
"377","TCGA-GN-A9SD-06A-11D-A401-08",NA,0.444444444444444,NA,NA,NA,NA,NA,NA,NA,NA,NA,NA,NA,NA,NA,NA,NA,NA,NA,NA,NA,NA,0.0717948717948718,NA
"378","TCGA-HR-A2OG-06A-21D-A197-08",NA,NA,NA,NA,NA,NA,NA,NA,NA,NA,NA,NA,NA,NA,NA,NA,NA,0.608695652173913,0.5,NA,NA,NA,NA,NA
"379","TCGA-HR-A2OH-06A-11D-A197-08",NA,0.364583333333333,NA,NA,NA,NA,NA,NA,NA,NA,NA,NA,NA,NA,NA,NA,NA,NA,NA,0.297872340425532,NA,NA,NA,NA
"380","TCGA-HR-A5NC-01A-11D-A27K-08",NA,0.390243902439024,NA,NA,NA,NA,NA,NA,NA,NA,NA,NA,NA,NA,NA,NA,NA,NA,NA,NA,NA,NA,NA,NA
"381","TCGA-IH-A3EA-01A-11D-A20D-08",0.310679611650485,0.603960396039604,NA,NA,NA,0.378698224852071,NA,NA,NA,NA,NA,0.266666666666667,NA,NA,NA,0.333333333333333,NA,NA,NA,0.444444444444444,NA,NA,NA,NA
"382","TCGA-LH-A9QB-06A-11D-A38G-08",NA,0.870967741935484,NA,NA,NA,NA,NA,NA,NA,NA,NA,NA,NA,NA,NA,0.446428571428571,NA,NA,NA,NA,NA,NA,NA,NA
"383","TCGA-OD-A75X-06A-12D-A32N-08",NA,0.461988304093567,NA,NA,NA,NA,NA,0.625,0.976744186046512,NA,NA,NA,NA,NA,0.371559633027523,0.433333333333333,NA,NA,NA,0.774193548387097,NA,NA,NA,0.857142857142857
"384","TCGA-QB-A6FS-06A-11D-A30X-08",NA,0.595918367346939,NA,NA,NA,0.433333333333333,NA,NA,NA,NA,NA,NA,NA,NA,NA,NA,NA,NA,NA,NA,0.454545454545455,NA,NA,NA
"385","TCGA-QB-AA9O-06A-11D-A397-08",NA,NA,NA,NA,NA,0.625,NA,NA,NA,NA,NA,NA,NA,NA,NA,NA,NA,0.473214285714286,NA,NA,0.519480519480519,NA,NA,NA
"386","TCGA-RP-A693-06A-13D-A30X-08",0.0652173913043478,NA,NA,NA,NA,NA,NA,NA,NA,NA,NA,0.255813953488372,0.289473684210526,NA,NA,NA,NA,NA,NA,NA,NA,NA,NA,NA
"387","TCGA-RP-A694-06A-11D-A30X-08",NA,NA,NA,NA,0.354838709677419,0.320754716981132,NA,NA,NA,NA,NA,NA,NA,NA,NA,NA,NA,NA,NA,NA,NA,NA,0.365979381443299,NA
"388","TCGA-RP-A695-06A-11D-A30X-08",NA,NA,NA,NA,0.5703125,NA,NA,NA,NA,NA,NA,0.475409836065574,NA,NA,NA,0.328571428571429,NA,0.608695652173913,NA,NA,NA,NA,NA,NA
"389","TCGA-RP-A6K9-06A-41D-A34U-08",NA,NA,NA,NA,NA,NA,NA,NA,NA,0.209677419354839,NA,NA,NA,NA,NA,NA,NA,NA,NA,NA,NA,NA,NA,NA
"390","TCGA-W3-A824-06A-21D-A34U-08",NA,NA,NA,NA,NA,0.4,NA,NA,NA,NA,NA,0.346938775510204,NA,NA,NA,NA,NA,0.346774193548387,NA,0.476190476190476,NA,NA,NA,NA
"391","TCGA-W3-A825-06A-11D-A34U-08",NA,0.408450704225352,NA,NA,0.666666666666667,NA,NA,NA,NA,0.377245508982036,NA,NA,NA,NA,NA,NA,NA,0.707317073170732,0.549019607843137,NA,NA,NA,NA,NA
"392","TCGA-W3-A828-06A-11D-A34U-08",0.351351351351351,NA,NA,NA,0.481481481481481,NA,NA,0.3125,NA,NA,NA,NA,NA,NA,NA,NA,0.219178082191781,NA,NA,NA,NA,NA,NA,0.65
"393","TCGA-W3-AA1O-06A-11D-A38G-08",NA,0.497109826589595,NA,NA,NA,NA,NA,NA,NA,NA,NA,NA,NA,NA,NA,0.166666666666667,NA,NA,NA,NA,NA,NA,NA,0.76271186440678
"394","TCGA-W3-AA1Q-06A-11D-A38G-08",NA,0.73972602739726,NA,NA,NA,0.291666666666667,NA,NA,NA,NA,NA,NA,NA,NA,0.297619047619048,0.295918367346939,NA,NA,NA,NA,NA,NA,NA,NA
"395","TCGA-W3-AA1R-06A-11D-A397-08",NA,0.65034965034965,NA,NA,0.821428571428571,0.542857142857143,NA,NA,NA,NA,NA,NA,NA,NA,NA,0.433497536945813,NA,NA,NA,0.401129943502825,NA,NA,NA,0.461538461538462
"396","TCGA-W3-AA1V-06B-11D-A401-08",NA,0.25,NA,NA,0.714285714285714,0.284722222222222,0.150943396226415,NA,NA,NA,NA,0.212121212121212,NA,NA,NA,NA,0.334426229508197,NA,NA,NA,NA,NA,NA,0.408450704225352
"397","TCGA-W3-AA1W-06A-11D-A38G-08",NA,0.244897959183673,NA,NA,0.34020618556701,NA,NA,NA,NA,NA,NA,NA,NA,NA,0.19047619047619,NA,NA,NA,NA,NA,NA,NA,NA,NA
"398","TCGA-W3-AA21-06A-11D-A38G-08",NA,0.692307692307692,NA,NA,NA,NA,NA,NA,NA,NA,NA,NA,NA,NA,NA,NA,NA,NA,0.785714285714286,NA,NA,NA,NA,NA
"399","TCGA-WE-A8JZ-06A-11D-A372-08",NA,NA,NA,NA,NA,NA,NA,NA,NA,NA,NA,NA,NA,NA,NA,NA,NA,0.844827586206897,NA,NA,NA,NA,NA,NA
"400","TCGA-WE-A8K1-06A-21D-A372-08",NA,NA,NA,NA,NA,NA,NA,NA,NA,NA,NA,NA,NA,NA,NA,NA,NA,0.326732673267327,NA,NA,NA,NA,NA,NA
"401","TCGA-WE-A8K4-01A-12D-A372-08",NA,NA,NA,NA,NA,NA,NA,NA,NA,NA,NA,NA,NA,NA,NA,NA,0.206349206349206,NA,NA,NA,NA,NA,NA,NA
"402","TCGA-WE-A8K5-06A-11D-A372-08",NA,0.418338108882521,NA,NA,NA,NA,NA,NA,NA,NA,NA,NA,NA,NA,NA,NA,NA,NA,NA,0.737373737373737,0.551204819277108,NA,NA,NA
"403","TCGA-WE-A8K6-06A-11D-A372-08",NA,0.46875,NA,NA,NA,NA,NA,NA,NA,NA,NA,NA,NA,NA,NA,NA,0.259259259259259,NA,NA,NA,NA,NA,NA,NA
"404","TCGA-WE-A8ZM-06A-11D-A372-08",NA,NA,NA,NA,NA,NA,NA,NA,NA,NA,NA,NA,NA,NA,NA,NA,0.727272727272727,NA,NA,NA,NA,NA,NA,NA
"405","TCGA-WE-A8ZN-06A-11D-A372-08",NA,NA,NA,NA,NA,NA,0.326923076923077,NA,NA,NA,NA,NA,NA,NA,NA,NA,NA,0.514925373134328,NA,NA,NA,NA,NA,NA
"406","TCGA-WE-A8ZO-06A-11D-A372-08",0.785714285714286,NA,NA,NA,NA,NA,NA,NA,NA,NA,NA,NA,NA,NA,NA,NA,NA,0.807909604519774,NA,NA,NA,NA,NA,NA
"407","TCGA-WE-A8ZQ-06A-41D-A372-08",NA,0.683544303797468,NA,NA,NA,NA,NA,NA,NA,NA,NA,NA,NA,NA,NA,NA,NA,NA,NA,0.945945945945946,NA,NA,NA,NA
"408","TCGA-WE-A8ZR-06A-11D-A372-08",NA,0.464285714285714,NA,NA,NA,NA,NA,NA,NA,NA,NA,NA,NA,NA,NA,NA,NA,NA,NA,NA,NA,NA,NA,NA
"409","TCGA-WE-A8ZT-06A-11D-A372-08",NA,0.382022471910112,NA,NA,0.578947368421053,0.315789473684211,NA,NA,NA,NA,NA,NA,NA,NA,NA,NA,NA,NA,NA,0.634615384615385,NA,NA,NA,NA
"410","TCGA-WE-A8ZX-06A-11D-A372-08",NA,0.418604651162791,NA,NA,NA,NA,NA,NA,NA,NA,NA,NA,NA,NA,NA,0.655913978494624,NA,NA,NA,NA,NA,NA,NA,NA
"411","TCGA-WE-A8ZY-06A-11D-A372-08",NA,NA,NA,NA,NA,NA,NA,NA,NA,NA,NA,NA,NA,NA,NA,NA,NA,0.461538461538462,NA,NA,0.435483870967742,NA,NA,NA
"412","TCGA-WE-AA9Y-06A-12D-A38G-08",NA,NA,NA,NA,NA,NA,NA,0.109090909090909,0.32258064516129,NA,NA,NA,NA,NA,NA,NA,NA,NA,NA,NA,NA,NA,NA,NA
"413","TCGA-WE-AAA0-06A-11D-A38G-08",NA,0.36231884057971,NA,0.554054054054054,NA,NA,NA,NA,NA,NA,NA,NA,NA,NA,NA,0.333333333333333,NA,NA,0.238805970149254,NA,NA,NA,NA,NA
"414","TCGA-WE-AAA3-06A-11D-A38G-08",NA,NA,NA,NA,NA,NA,NA,NA,NA,NA,NA,NA,NA,NA,NA,NA,NA,0.452830188679245,NA,NA,NA,NA,NA,NA
"415","TCGA-WE-AAA4-06A-12D-A38G-08",NA,0.152777777777778,NA,NA,0.24390243902439,NA,NA,NA,NA,NA,NA,NA,NA,NA,NA,NA,NA,NA,NA,NA,NA,NA,NA,NA
"416","TCGA-XV-A9VZ-01A-11D-A38G-08",NA,NA,NA,NA,NA,NA,NA,NA,NA,NA,0.484848484848485,NA,NA,NA,NA,NA,NA,NA,NA,NA,NA,NA,NA,NA
"417","TCGA-XV-A9W2-01A-11D-A397-08",NA,NA,NA,NA,NA,NA,NA,NA,NA,NA,NA,NA,NA,0.232142857142857,NA,NA,0.484375,NA,NA,NA,NA,NA,NA,NA
"418","TCGA-XV-A9W5-01A-11D-A38G-08",NA,0.464285714285714,NA,NA,NA,0.387096774193548,NA,NA,NA,NA,NA,NA,NA,NA,NA,NA,NA,NA,NA,0.604166666666667,NA,NA,NA,NA
"419","TCGA-XV-AAZV-01A-11D-A401-08",NA,0.478723404255319,NA,NA,NA,NA,NA,NA,NA,NA,NA,NA,NA,NA,NA,NA,NA,NA,NA,NA,NA,NA,NA,NA
"420","TCGA-XV-AAZW-01A-12D-A401-08",NA,0.67032967032967,NA,NA,NA,NA,NA,NA,NA,NA,NA,NA,NA,NA,0.456140350877193,NA,NA,NA,NA,NA,NA,NA,NA,NA
"421","TCGA-XV-AAZY-01A-12D-A401-08",NA,NA,NA,NA,NA,NA,NA,NA,NA,NA,NA,NA,NA,NA,NA,NA,NA,0.466165413533835,NA,NA,NA,NA,NA,NA
"422","TCGA-XV-AB01-06A-12D-A401-08",NA,0.488372093023256,NA,NA,NA,NA,0.5,NA,NA,NA,NA,NA,NA,NA,NA,NA,NA,NA,NA,NA,NA,NA,NA,NA
"423","TCGA-YD-A89C-06A-11D-A372-08",NA,NA,NA,NA,NA,NA,NA,0.528455284552846,NA,NA,NA,NA,NA,NA,NA,NA,NA,0.348837209302326,NA,NA,0.505703422053232,NA,NA,0.365269461077844
"424","TCGA-YD-A9TA-06A-11D-A397-08",NA,NA,NA,NA,NA,0.22,NA,0.318181818181818,NA,NA,NA,NA,NA,NA,NA,NA,0.688888888888889,NA,NA,0.4375,NA,NA,NA,0.810810810810811
"425","TCGA-YD-A9TB-06A-12D-A401-08",NA,0.5,NA,NA,NA,NA,NA,NA,NA,NA,NA,NA,NA,NA,NA,0.133333333333333,NA,NA,NA,NA,NA,NA,NA,NA
"426","TCGA-YG-AA3N-01A-11D-A38G-08",NA,0.523809523809524,NA,NA,NA,NA,NA,NA,NA,NA,NA,NA,0.210526315789474,NA,NA,NA,0.310344827586207,NA,NA,NA,NA,NA,0.236842105263158,NA
"427","TCGA-YG-AA3O-06A-11D-A38G-08",NA,0.649659863945578,NA,NA,NA,0.277777777777778,NA,NA,NA,NA,NA,NA,NA,NA,NA,NA,NA,NA,NA,NA,NA,NA,NA,NA
"428","TCGA-YG-AA3P-06A-11D-A38G-08",NA,NA,NA,NA,NA,NA,NA,NA,NA,NA,NA,NA,0.517241379310345,NA,NA,NA,1,NA,NA,NA,NA,NA,NA,NA
"429","TCGA-Z2-A8RT-06A-11D-A372-08",NA,NA,NA,NA,0.666666666666667,0.681818181818182,NA,NA,NA,NA,NA,NA,NA,NA,NA,NA,NA,NA,0.758620689655172,NA,NA,NA,NA,NA
"430","TCGA-Z2-AA3V-06A-11D-A397-08",NA,0.189189189189189,NA,NA,0.210526315789474,NA,NA,NA,NA,NA,NA,NA,NA,NA,NA,NA,NA,NA,NA,NA,NA,NA,NA,NA
